date_of_birth__c,defendant_address__c,defendant_city__c,defendant_state__c,drivers_license_number__c,first_name__c,Id,last_name__c,Name,social_security
7/4/1973,70 Calypso Point,FERGUSON,MO,P974104339,Phillip,a04i000000h8N8IAAU,Castillo,Phillip Castillo,111111111
4/29/1967,5 Hayes Lane,VINITA PARK,MO,P487656326,Joan,a04i000000h8N8JAAU,Hudson,Joan Hudson,111111112
1/15/1975,92 Bluejay Way,OLIVETTE,MO,K341382712,Lori,a04i000000h8N8KAAU,Austin,Lori Austin,111111113
4/17/1979,6 Fuller Park,WOODSON TERRACE,MO,K565960565,Terry,a04i000000h8N8LAAU,Castillo,Terry Castillo,111111114
8/30/1977,42837 Sullivan Point,PACIFIC,MO,P525425385,Anthony,a04i000000h8N8MAAU,Knight,Anthony Knight,111111115
9/30/1988,7409 Badeau Park,MOLINE ACRES,MO,A427625628,Christina,a04i000000h8N8NAAU,Carroll,Christina Carroll,111111116
5/21/1953,6441 New Castle Circle,ELLISVILLE,MO,U343166465,Todd,a04i000000h8N8OAAU,Lewis,Todd Lewis,111111117
5/30/1980,027 Vernon Lane,VALLEY PARK,MO,A531293089,Donna,a04i000000h8N8PAAU,Fisher,Donna Fisher,111111118
12/26/1971,,FRONTENAC,MO,D771853565,Kathy,a04i000000h8N8QAAU,Price,Kathy Price,111111119
11/21/1988,7 Darwin Road,WELLSTON,MO,J764821858,Kenneth,a04i000000h8N8RAAU,Crawford,Kenneth Crawford,111111120
7/1/1957,1551 Crest Line Park,VINITA PARK,MO,Q655923602,Christopher,a04i000000h8N8SAAU,Martin,Christopher Martin,111111121
4/30/1969,62 Vermont Drive,EDMUNDSON,MO,Q989227612,Joseph,a04i000000h8N8TAAU,Cole,Joseph Cole,111111122
8/30/1991,2154 Mendota Road,CALVERTON PARK,MO,,Patricia,a04i000000h8N8UAAU,Kim,Patricia Kim,111111123
9/7/1957,4598 Harper Trail,,MO,R433715815,Theresa,a04i000000h8N8VAAU,Schmidt,Theresa Schmidt,111111124
2/21/1988,90590 Sauthoff Point,BERKELEY,MO,E178410236,Linda,a04i000000h8N8WAAU,Anderson,Linda Anderson,111111125
12/23/1981,50 School Pass,SHREWSBURY,MO,M752936715,Kathleen,a04i000000h8N8XAAU,Price,Kathleen Price,111111126
3/28/1966,12246 Southridge Way,JENNINGS,MO,P219344832,Kathleen,a04i000000h8N8aAAE,Harris,Kathleen Harris,111111127
7/28/1974,3 Judy Way,OLIVETTE,MO,E018635667,Marie,a04i000000h8N8bAAE,Armstrong,Marie Armstrong,111111128
9/26/1968,888 Carberry Center,FERGUSON,MO,C821440980,Frances,a04i000000h8N8cAAE,Reid,Frances Reid,111111129
8/15/1983,3 Meadow Ridge Court,JENNINGS,MO,,Jimmy,a04i000000h8N8dAAE,Graham,Jimmy Graham,111111130
8/8/1983,60246 Village Court,UPLANDS PARK,MO,W383058818,Willie,a04i000000h8N8fAAE,Brooks,Willie Brooks,111111131
4/1/1990,28414 Sherman Circle,CLAYTON,MO,Q699229118,Rebecca,a04i000000h8N8gAAE,Montgomery,Rebecca Montgomery,111111132
9/8/1982,2 Mandrake Crossing,BELLERIVE,MO,X607176222,Bruce,a04i000000h8N8hAAE,Oliver,Bruce Oliver,111111133
10/3/1982,363 Grayhawk Hill,SYCAMORE HILLS,MO,A622075732,Rachel,a04i000000h8N8iAAE,Brown,Rachel Brown,111111134
,34 Summerview Street,CLAYTON,MO,Y486081269,William,a04i000000h8N8jAAE,Cruz,William Cruz,111111135
10/7/1985,638 Lighthouse Bay Drive,WELLSTON,MO,Y716232211,Kathryn,a04i000000h8N8kAAE,Stephens,Kathryn Stephens,111111136
8/30/1977,41650 Brown Circle,BELLEFONTAINE NEIGHBORS,MO,A278311180,Maria,a04i000000h8N8lAAE,Davis,Maria Davis,111111137
5/21/1989,,BRECKENRIDGE HILLS,MO,P401261106,Brenda,a04i000000h8N8mAAE,Howell,Brenda Howell,111111138
11/15/1985,96 Melrose Place,MARYLAND HEIGHTS,MO,T931140471,Willie,a04i000000h8N8nAAE,Arnold,Willie Arnold,111111139
3/22/1958,5 Dakota Pass,GREENDALE,MO,R532950137,Judith,a04i000000h8N8oAAE,Moore,Judith Moore,111111140
6/7/1956,34 Thompson Trail,CHAMP,,I024478960,Randy,a04i000000h8NG5AAM,Grant,Randy Grant,111111141
6/11/1975,00790 Green Avenue,WILDWOOD,MO,B059077879,Elizabeth,a04i000000h8NG6AAM,James,Elizabeth James,111111142
10/8/1963,70468 Arapahoe Plaza,HANLEY HILLS,MO,K683019515,Alice,a04i000000h8NG7AAM,Sims,Alice Sims,111111143
2/26/1959,1 Summer Ridge Plaza,CLAYTON,MO,R512315387,Robert,a04i000000h8NG8AAM,Thomas,Robert Thomas,111111144
4/14/1971,,PACIFIC,MO,E560943688,Evelyn,a04i000000h8NG9AAM,Harvey,Evelyn Harvey,111111145
12/25/1952,428 Kropf Plaza,PASADENA HILLS,MO,,Karen,a04i000000h8NGAAA2,Martin,Karen Martin,111111146
,422 Miller Alley,UNIVERSITY CITY,MO,X903345414,Ralph,a04i000000h8NGBAA2,Griffin,Ralph Griffin,111111147
12/20/1981,578 Hayes Hill,BELLEFONTAINE NEIGHBORS,MO,V129537822,Anthony,a04i000000h8NGCAA2,Reed,Anthony Reed,111111148
9/4/1955,48483 Shasta Terrace,KIRKWOOD,MO,O284707033,Alan,a04i000000h8NGDAA2,Scott,Alan Scott,111111149
8/4/1989,2 Mcbride Circle,LADUE,MO,J999413618,Philip,a04i000000h8NGFAA2,Gonzalez,Philip Gonzalez,111111150
12/7/1986,1 Marcy Junction,VELDA CITY,MO,G333707797,Bonnie,a04i000000h8NGGAA2,Parker,Bonnie Parker,111111151
9/4/1989,,ST. ANN,,M184078317,Kevin,a04i000000h8NGHAA2,Turner,Kevin Turner,111111152
9/9/1972,593 Nelson Terrace,LADUE,MO,K059249800,Billy,a04i000000h8NGIAA2,Graham,Billy Graham,111111153
4/18/1996,91 Bayside Alley,CREVE COEUR,MO,D202966651,Kathy,a04i000000h8NGJAA2,Jordan,Kathy Jordan,111111154
4/8/1966,70549 Tony Center,MAPLEWOOD,MO,R281593697,Virginia,a04i000000h8NGKAA2,Bryant,Virginia Bryant,111111155
6/4/1979,96959 Macpherson Alley,FRONTENAC,MO,S735100845,Catherine,a04i000000h8NGLAA2,Daniels,Catherine Daniels,111111156
3/26/1977,1029 Eagan Road,WESTWOOD,MO,S186694593,Raymond,a04i000000h8NGMAA2,West,Raymond West,111111157
10/22/1991,52388 Straubel Way,BEVERLY HILLS,MO,S765779940,Brenda,a04i000000h8NGNAA2,Burns,Brenda Burns,111111158
7/18/1996,275 Johnson Junction,JENNINGS,MO,X760011880,Michael,a04i000000h8NGOAA2,Reyes,Michael Reyes,111111159
4/24/1960,7548 Londonderry Circle,LADUE,MO,O813114664,Ernest,a04i000000h8NGPAA2,Johnson,Ernest Johnson,111111160
10/12/1987,619 Annamark Street,VALLEY PARK,,T542424121,Victor,a04i000000h8NGQAA2,Howell,Victor Howell,111111161
1/9/1986,237 Blaine Avenue,HANLEY HILLS,MO,,Jessica,a04i000000h8NGSAA2,Franklin,Jessica Franklin,111111162
7/9/1976,0663 Twin Pines Crossing,OVERLAND,MO,S003004932,Andrew,a04i000000h8NGXAA2,Ryan,Andrew Ryan,111111163
11/19/1973,5 Loomis Place,DELLWOOD,MO,C591429316,Donna,a04i000000h8NGYAA2,Wheeler,Donna Wheeler,111111164
7/20/1961,450 Grover Drive,MAPLEWOOD,MO,N522791634,Jesse,a04i000000h8NGZAA2,Morales,Jesse Morales,111111165
3/3/1991,592 Sachs Way,WILBUR PARK,MO,B548205122,Andrea,a04i000000h8NGaAAM,Carr,Andrea Carr,111111166
5/28/1961,347 Mccormick Park,,MO,N002854770,Raymond,a04i000000h8NGbAAM,Gilbert,Raymond Gilbert,111111167
5/29/1968,534 Golf Course Road,CRESTWOOD,MO,,Theresa,a04i000000h8N8pAAE,Holmes,Theresa Holmes,111111168
9/1/1956,02549 Rowland Street,CHESTERFIELD,MO,D271550525,Daniel,a04i000000h8N8qAAE,Peterson,Daniel Peterson,111111169
12/18/1982,77423 Arizona Circle,OAKLAND,MO,Q166100641,Laura,a04i000000h8N8rAAE,Hart,Laura Hart,111111170
7/6/1964,53 Westerfield Drive,CHESTERFIELD,MO,,Beverly,a04i000000h8N8sAAE,Burke,Beverly Burke,111111171
4/15/1973,,TWIN OAKS,MO,Q459406730,Lillian,a04i000000h8N8tAAE,Daniels,Lillian Daniels,111111172
12/14/1972,6 Colorado Pass,ELLISVILLE,MO,,Karen,a04i000000h8N8uAAE,Woods,Karen Woods,111111173
3/27/1983,404 Spohn Center,WARSON WOODS,MO,Q195729294,Irene,a04i000000h8N8vAAE,Hart,Irene Hart,111111174
4/2/1992,92835 Boyd Place,MAPLEWOOD,MO,,Pamela,a04i000000h8N8wAAE,Allen,Pamela Allen,111111175
4/26/1951,8033 Anthes Parkway,JENNINGS,MO,E960669510,Andrew,a04i000000h8N8xAAE,Phillips,Andrew Phillips,111111176
7/22/1959,9 Eastwood Plaza,VINITA TERRACE,MO,D209338504,Donald,a04i000000h8N8yAAE,Pierce,Donald Pierce,111111177
9/30/1963,57894 Melrose Hill,WARSON WOODS,,Y095205604,Paula,a04i000000h8N8zAAE,Mitchell,Paula Mitchell,111111178
8/15/1953,71397 Farwell Point,CLARKSON VALLEY,MO,I856410952,Jeremy,a04i000000h8N90AAE,Woods,Jeremy Woods,111111179
6/27/1960,0 Crowley Trail,COUNTRY LIFE ACRES,MO,O440180670,Thomas,a04i000000h8N91AAE,Mendoza,Thomas Mendoza,111111180
11/8/1974,91 Anzinger Circle,UPLANDS PARK,MO,E470710578,Aaron,a04i000000h8N92AAE,Gomez,Aaron Gomez,111111181
1/30/1961,8957 Kinsman Terrace,VINITA PARK,MO,V500593939,Timothy,a04i000000h8N93AAE,Hill,Timothy Hill,111111182
2/17/1967,03058 Heath Point,SHREWSBURY,MO,H905816250,Sharon,a04i000000h8N94AAE,Riley,Sharon Riley,111111183
1/22/1995,793 Westridge Avenue,BELLERIVE,MO,,Julie,a04i000000h8N95AAE,Gutierrez,Julie Gutierrez,111111184
5/3/1972,319 Gina Parkway,PACIFIC,MO,H991362039,Jeffrey,a04i000000h8N96AAE,Palmer,Jeffrey Palmer,111111185
8/15/1971,65313 Marquette Pass,FRONTENAC,MO,M946151196,Nicole,a04i000000h8N97AAE,Simmons,Nicole Simmons,111111186
5/12/1977,4 Independence Alley,LAKESHIRE,MO,J554932546,Evelyn,a04i000000h8N98AAE,Alexander,Evelyn Alexander,111111187
5/11/1981,8474 Algoma Drive,SHREWSBURY,MO,W841874088,Laura,a04i000000h8N99AAE,Harper,Laura Harper,111111188
10/8/1974,,NORWOOD COURT,MO,S705750658,Jose,a04i000000h8N9AAAU,Peterson,Jose Peterson,111111189
10/29/1995,6775 Muir Alley,GREEN PARK,MO,J668193168,Deborah,a04i000000h8N9BAAU,James,Deborah James,111111190
12/15/1982,558 Cardinal Plaza,VALLEY PARK,MO,D875433304,Jessica,a04i000000h8N9CAAU,Cole,Jessica Cole,111111191
10/28/1958,3784 Vera Court,BLACK JACK,MO,D542241139,Bobby,a04i000000h8N9DAAU,Greene,Bobby Greene,111111192
7/10/1983,97374 Dottie Center,BELLA VILLA,MO,H484075603,Marie,a04i000000h8N9EAAU,Bowman,Marie Bowman,111111193
5/19/1982,03350 Merry Trail,NORMANDY,MO,X573585223,Anna,a04i000000h8N9FAAU,Griffin,Anna Griffin,111111194
,4 Vermont Lane,WILBUR PARK,MO,J416429761,Steven,a04i000000h8N9GAAU,Williams,Steven Williams,111111195
5/17/1991,101 Boyd Court,BEL-NOR,MO,P184303014,Joshua,a04i000000h8N9KAAU,Hamilton,Joshua Hamilton,111111196
4/5/1964,850 Esker Circle,ST. LOUIS CITY,MO,D912386935,Joseph,a04i000000h8N9LAAU,Henderson,Joseph Henderson,111111197
7/21/1987,969 Summer Ridge Plaza,FRONTENAC,MO,A805069466,Benjamin,a04i000000h8N9MAAU,Gordon,Benjamin Gordon,111111198
1/14/1987,7 Oakridge Plaza,MANCHESTER,MO,B917976115,Victor,a04i000000h8NGeAAM,Peters,Victor Peters,111111199
8/6/1952,3 Browning Terrace,BELLEFONTAINE NEIGHBORS,MO,A522185747,Amanda,a04i000000h8N9NAAU,Richardson,Amanda Richardson,111111200
10/28/1984,4090 Monica Point,FLORISSANT,MO,,Jimmy,a04i000000h8N9OAAU,Washington,Jimmy Washington,111111201
1/25/1982,1 Coolidge Way,CREVE COEUR,MO,U217289411,Jacqueline,a04i000000h8N9PAAU,Fox,Jacqueline Fox,111111202
3/31/1983,68 Ronald Regan Way,HILLSDALE,MO,Y122690349,Shawn,a04i000000h8N9QAAU,Moreno,Shawn Moreno,111111203
5/3/1995,44277 Jackson Park,UNIVERSITY CITY,MO,W148620057,Matthew,a04i000000h8N9RAAU,Collins,Matthew Collins,111111204
5/3/1953,7 Waywood Terrace,BEL-RIDGE,MO,S154800183,Virginia,a04i000000h8N9SAAU,Johnston,Virginia Johnston,111111205
2/18/1987,960 Cody Lane,GREEN PARK,MO,D586046057,Rebecca,a04i000000h8N9TAAU,Myers,Rebecca Myers,111111206
10/14/1957,7 Briar Crest Pass,BERKELEY,MO,B934985461,Richard,a04i000000h8N9UAAU,Johnson,Richard Johnson,111111207
2/6/1958,6257 Orin Plaza,PINE LAWN,MO,X112787385,Michelle,a04i000000h8N9VAAU,Greene,Michelle Greene,111111208
5/22/1995,,MACKENZIE,MO,,Steve,a04i000000h8N9WAAU,Shaw,Steve Shaw,111111209
11/2/1982,781 Trailsway Crossing,BELLA VILLA,MO,B068226329,Tammy,a04i000000h8N9XAAU,Harrison,Tammy Harrison,111111210
11/6/1993,950 Reindahl Point,CHESTERFIELD,MO,O567513456,Deborah,a04i000000h8NGfAAM,Gray,Deborah Gray,111111211
11/26/1986,08349 Hauk Way,PINE LAWN,MO,E759179183,Donald,a04i000000h8NGgAAM,Simmons,Donald Simmons,111111212
6/2/1988,,MANCHESTER,MO,A636298063,Justin,a04i000000h8NGhAAM,Fox,Justin Fox,111111213
8/9/1961,7811 Kings Pass,HILLSDALE,MO,V767008534,Chris,a04i000000h8NGiAAM,Johnston,Chris Johnston,111111214
6/4/1961,7585 Main Drive,BRECKENRIDGE HILLS,MO,E130195061,Diane,a04i000000h8NGlAAM,Webb,Diane Webb,111111215
7/24/1988,9245 Ludington Way,BELLA VILLA,MO,D405933034,Joe,a04i000000h8NGmAAM,Alvarez,Joe Alvarez,111111216
8/16/1982,7995 Leroy Point,GREEN PARK,MO,O259368051,Barbara,a04i000000h8NGnAAM,Coleman,Barbara Coleman,111111217
8/30/1955,919 Parkside Circle,NORTHWOODS,MO,G458517178,Brian,a04i000000h8NGoAAM,Grant,Brian Grant,111111218
11/14/1984,27848 Katie Plaza,EUREKA,MO,P522051049,Henry,a04i000000h8NGpAAM,Robinson,Henry Robinson,111111219
1/30/1966,7275 2nd Hill,BERKELEY,MO,O503628241,Ralph,a04i000000h8NGqAAM,King,Ralph King,111111220
1/25/1962,08923 Michigan Junction,GREEN PARK,MO,R014048609,Raymond,a04i000000h8NGrAAM,Elliott,Raymond Elliott,111111221
9/20/1979,52 Transport Circle,MARLBOROUGH,MO,J524780553,Norma,a04i000000h8NGsAAM,Warren,Norma Warren,111111222
5/21/1980,330 Milwaukee Park,OLIVETTE,MO,C197630200,Kathy,a04i000000h8NGuAAM,Alvarez,Kathy Alvarez,111111223
11/29/1975,7 Northwestern Parkway,SUNSET HILLS,MO,L778346545,Kenneth,a04i000000h8NGvAAM,Johnson,Kenneth Johnson,111111224
5/13/1972,13621 Fieldstone Trail,GREEN PARK,MO,G198719755,Martha,a04i000000h8NGwAAM,Carr,Martha Carr,111111225
,5279 Mcguire Parkway,HILLSDALE,MO,H950764285,Gary,a04i000000h8NGxAAM,Griffin,Gary Griffin,111111226
4/4/1976,05212 Raven Park,BELLA VILLA,MO,T762901262,Larry,a04i000000h8NGyAAM,Garza,Larry Garza,111111227
6/28/1994,89782 Hudson Place,CHARLACK,MO,M082906032,Walter,a04i000000h8NGzAAM,Black,Walter Black,111111228
9/26/1964,03 Northfield Center,KIRKWOOD,MO,D795053584,Tina,a04i000000h8NH0AAM,Butler,Tina Butler,111111229
10/16/1959,606 Ridgeview Plaza,BEL-NOR,MO,O337056655,Lawrence,a04i000000h8NH1AAM,Williams,Lawrence Williams,111111230
12/27/1967,68 Monica Circle,VINITA PARK,MO,C799443719,Jacqueline,a04i000000h8NH2AAM,Barnes,Jacqueline Barnes,111111231
9/9/1953,9469 John Wall Trail,SYCAMORE HILLS,MO,O226889304,Craig,a04i000000h8NH3AAM,Hansen,Craig Hansen,111111232
3/10/1965,5113 Blue Bill Park Junction,TWIN OAKS,MO,Z474733492,Helen,a04i000000h8NH4AAM,Garza,Helen Garza,111111233
6/10/1993,16467 Dorton Parkway,EUREKA,MO,,Todd,a04i000000h8NH5AAM,Riley,Todd Riley,111111234
5/3/1977,,COOL VALLEY,MO,R812147205,Jean,a04i000000h8NH6AAM,Bryant,Jean Bryant,111111235
6/10/1973,84496 Logan Lane,UNIVERSITY CITY,MO,Q363364176,Alice,a04i000000h8N9YAAU,Elliott,Alice Elliott,111111236
10/20/1960,5250 Bluejay Park,LAKESHIRE,MO,O887305820,Keith,a04i000000h8N9ZAAU,Gonzalez,Keith Gonzalez,111111237
8/30/1969,61048 Warbler Alley,WESTWOOD,MO,B468712028,Paul,a04i000000h8N9aAAE,Ruiz,Paul Ruiz,111111238
6/2/1977,,BEL-RIDGE,MO,,Michael,a04i000000h8N9bAAE,Allen,Michael Allen,111111239
11/5/1980,02 Di Loreto Street,ST. GEORGE,MO,X574811760,Carolyn,a04i000000h8N9cAAE,Cooper,Carolyn Cooper,111111240
6/2/1981,886 Luster Hill,KINLOCH,MO,,Martin,a04i000000h8N9dAAE,Hicks,Martin Hicks,111111241
3/17/1990,2 Laurel Terrace,FLORISSANT,MO,C120022960,Martha,a04i000000h8N9eAAE,Kelley,Martha Kelley,111111242
6/15/1961,9969 Dawn Circle,EUREKA,MO,B292285580,Paul,a04i000000h8N9fAAE,Gray,Paul Gray,111111243
3/14/1991,87 Anthes Road,CREVE COEUR,MO,Q630135300,Frank,a04i000000h8N9gAAE,Cook,Frank Cook,111111244
3/13/1965,34 Scott Trail,WILBUR PARK,MO,E400196160,Mildred,a04i000000h8N9hAAE,Kim,Mildred Kim,111111245
10/30/1991,,WILBUR PARK,MO,T461901696,Rachel,a04i000000h8N9iAAE,Lynch,Rachel Lynch,111111246
6/2/1955,45819 Green Pass,OLIVETTE,MO,J872847044,Lillian,a04i000000h8N9jAAE,Harvey,Lillian Harvey,111111247
12/6/1995,5361 Southridge Point,BEL-RIDGE,MO,Z107455548,Frank,a04i000000h8N9kAAE,Harris,Frank Harris,111111248
12/31/1990,95056 Del Mar Road,BELLEFONTAINE NEIGHBORS,MO,T789647926,Martha,a04i000000h8N9lAAE,Scott,Martha Scott,111111249
11/18/1952,2 Daystar Pass,SUNSET HILLS,MO,X605245330,Kathy,a04i000000h8N9mAAE,Fields,Kathy Fields,111111250
7/17/1958,7 Gulseth Crossing,VINITA TERRACE,MO,I669220264,Carolyn,a04i000000h8N9nAAE,Walker,Carolyn Walker,111111251
11/30/1980,6 Glacier Hill Terrace,ST. LOUIS CITY,MO,G387797628,Kathleen,a04i000000h8N9oAAE,Moreno,Kathleen Moreno,111111252
11/1/1979,006 Texas Crossing,WARSON WOODS,MO,L783461256,Chris,a04i000000h8N9pAAE,Lopez,Chris Lopez,111111253
8/12/1952,199 La Follette Circle,VINITA TERRACE,MO,,Benjamin,a04i000000h8N9qAAE,Scott,Benjamin Scott,111111254
12/25/1964,424 Rigney Terrace,ROCK HILL,MO,Q448648119,Eugene,a04i000000h8N9rAAE,Bailey,Eugene Bailey,111111255
8/24/1972,95625 Knutson Parkway,BRIDGETON,MO,W724227336,Linda,a04i000000h8N9sAAE,Wells,Linda Wells,111111256
5/4/1985,49925 Longview Drive,KINLOCH,MO,K578660821,Sandra,a04i000000h8N9tAAE,Burns,Sandra Burns,111111257
9/19/1951,43786 Carberry Hill,CHAMP,MO,H793890428,Melissa,a04i000000h8N9uAAE,Barnes,Melissa Barnes,111111258
5/3/1972,47847 David Trail,GREEN PARK,MO,,Russell,a04i000000h8N9vAAE,Hamilton,Russell Hamilton,111111259
5/9/1955,758 Golf Course Avenue,SHREWSBURY,MO,N782199452,Rachel,a04i000000h8N9wAAE,Harper,Rachel Harper,111111260
7/24/1955,8881 Melrose Lane,ST. LOUIS CITY,MO,H510344065,Sean,a04i000000h8N9xAAE,Greene,Sean Greene,111111261
8/11/1967,,WARSON WOODS,MO,G015869221,Andrew,a04i000000h8N9yAAE,Duncan,Andrew Duncan,111111262
10/27/1953,9 Lakewood Gardens Court,SUNSET HILLS,MO,,David,a04i000000h8N9zAAE,Mitchell,David Mitchell,111111263
10/9/1974,0391 Village Green Point,TOWN & COUNTRY,MO,P892555461,Jacqueline,a04i000000h8NA0AAM,Jenkins,Jacqueline Jenkins,111111264
7/17/1959,29 Farragut Hill,BELLERIVE,MO,Q813717209,Amanda,a04i000000h8NA1AAM,Chapman,Amanda Chapman,111111265
4/23/1981,9115 Merchant Park,WILDWOOD,MO,W725490066,Virginia,a04i000000h8NA2AAM,Flores,Virginia Flores,111111266
3/19/1971,025 Ridgeview Alley,PACIFIC,MO,A113335328,Adam,a04i000000h8NA3AAM,Oliver,Adam Oliver,111111267
1/20/1964,645 Morrow Pass,LADUE,MO,G903036285,Susan,a04i000000h8NA4AAM,Rice,Susan Rice,111111268
6/2/1995,789 Dryden Center,PASADENA HILLS,MO,K988561548,Laura,a04i000000h8NH7AAM,Ramos,Laura Ramos,111111269
4/23/1974,121 Eagan Crossing,VINITA TERRACE,MO,P175557651,Arthur,a04i000000h8NH8AAM,Campbell,Arthur Campbell,111111270
9/12/1976,36006 Mandrake Point,PASADENA HILLS,MO,H082244634,Johnny,a04i000000h8NH9AAM,Stevens,Johnny Stevens,111111271
12/20/1957,0 Crescent Oaks Place,CRYSTAL LAKE PARK,MO,B810597531,Jerry,a04i000000h8NHAAA2,Gonzalez,Jerry Gonzalez,111111272
12/26/1992,58043 Moulton Center,WILBUR PARK,,V609095519,Andrew,a04i000000h8NHBAA2,Harper,Andrew Harper,111111273
9/22/1974,,,MO,B277410618,Frances,a04i000000h8NHCAA2,Weaver,Frances Weaver,111111274
5/19/1958,,NORMANDY,MO,U858254189,Judy,a04i000000h8NHDAA2,Hicks,Judy Hicks,111111275
10/10/1981,5 3rd Terrace,CLARKSON VALLEY,,U074533730,Carlos,a04i000000h8NHEAA2,Freeman,Carlos Freeman,111111276
11/7/1973,8 Towne Place,ST. ANN,MO,,Mildred,a04i000000h8NHHAA2,Olson,Mildred Olson,111111277
3/13/1986,0932 Kipling Drive,BEVERLY HILLS,MO,Y836340159,Jimmy,a04i000000h8NHIAA2,Weaver,Jimmy Weaver,111111278
1/23/1969,69759 Dovetail Street,UPLANDS PARK,MO,B028316806,Kathleen,a04i000000h8NHJAA2,Diaz,Kathleen Diaz,111111279
9/7/1979,0517 Fieldstone Pass,TWIN OAKS,MO,K382190578,Linda,a04i000000h8NHKAA2,Brooks,Linda Brooks,111111280
9/5/1951,64708 Michigan Crossing,BELLERIVE,MO,U476258527,Jerry,a04i000000h8NHLAA2,Burton,Jerry Burton,111111281
9/26/1988,7 Canary Junction,HAZELWOOD,MO,E473569443,Michelle,a04i000000h8NHMAA2,Warren,Michelle Warren,111111282
6/12/1953,5479 Farragut Junction,MARLBOROUGH,MO,M401837278,Jonathan,a04i000000h8NHNAA2,Peterson,Jonathan Peterson,111111283
7/24/1966,64 Nelson Court,NORWOOD COURT,MO,L454589876,Ralph,a04i000000h8NHOAA2,Holmes,Ralph Holmes,111111284
5/13/1970,59374 Park Meadow Junction,WOODSON TERRACE,MO,R780127082,Maria,a04i000000h8NHPAA2,Walker,Maria Walker,111111285
9/4/1959,23 Kenwood Plaza,UPLANDS PARK,,,Dennis,a04i000000h8NHQAA2,Hall,Dennis Hall,111111286
8/2/1991,8 Ronald Regan Parkway,MARYLAND HEIGHTS,MO,C698928402,Betty,a04i000000h8NHRAA2,Parker,Betty Parker,111111287
7/31/1978,0 Charing Cross Park,MARLBOROUGH,MO,L155414613,Ralph,a04i000000h8NHSAA2,Reyes,Ralph Reyes,111111288
6/9/1956,9346 Eliot Circle,FERGUSON,MO,E099951391,Arthur,a04i000000h8NHTAA2,Ramirez,Arthur Ramirez,111111289
7/17/1963,0 Prentice Hill,BRECKENRIDGE HILLS,MO,Y278919763,Christine,a04i000000h8NHUAA2,Allen,Christine Allen,111111290
11/7/1961,69675 Del Mar Parkway,BRECKENRIDGE HILLS,,J010064058,Martha,a04i000000h8NHVAA2,Little,Martha Little,111111291
8/6/1989,3182 Randy Point,BELLA VILLA,MO,F389312337,Craig,a04i000000h8NHWAA2,Stone,Craig Stone,111111292
6/15/1994,20453 Upham Drive,VELDA VILLAGE HILLS,MO,Z333300358,Carol,a04i000000h8NHXAA2,Ray,Carol Ray,111111293
5/8/1987,313 Marcy Crossing,ST. LOUIS CITY,MO,P472148903,Gary,a04i000000h8NHYAA2,Gardner,Gary Gardner,111111294
3/28/1958,2 Daystar Road,BERKELEY,MO,H935071342,Annie,a04i000000h8NHZAA2,Alexander,Annie Alexander,111111295
8/9/1988,82 Derek Place,FERGUSON,MO,S217663922,Diana,a04i000000h8NHaAAM,Anderson,Diana Anderson,111111296
11/17/1955,,WEBSTER GROVES,MO,,Scott,a04i000000h8NHbAAM,Foster,Scott Foster,111111297
2/18/1986,5403 Darwin Lane,KINLOCH,MO,L279588982,Tina,a04i000000h8NHcAAM,Parker,Tina Parker,111111298
7/23/1983,139 Logan Way,VINITA PARK,MO,A852947679,Betty,a04i000000h8NHdAAM,Peterson,Betty Peterson,111111299
4/13/1960,13 Packers Street,CRESTWOOD,MO,V636674079,Paula,a04i000000h8NA5AAM,Harvey,Paula Harvey,111111300
3/17/1967,4 Knutson Drive,BELLA VILLA,MO,T059388404,Jeremy,a04i000000h8NA6AAM,Howell,Jeremy Howell,111111301
6/11/1962,71 Summer Ridge Point,LAKESHIRE,MO,E578114637,Kenneth,a04i000000h8NA9AAM,Hansen,Kenneth Hansen,111111302
12/16/1957,,,MO,I833891749,Frank,a04i000000h8NAAAA2,Martin,Frank Martin,111111303
8/1/1995,7273 Bashford Crossing,BEL-RIDGE,MO,Q750030873,Peter,a04i000000h8NABAA2,Brown,Peter Brown,111111304
5/10/1972,0 Dovetail Terrace,WOODSON TERRACE,MO,F074355981,Mary,a04i000000h8NACAA2,Watkins,Mary Watkins,111111305
7/14/1978,5 Lakewood Gardens Alley,CHESTERFIELD,MO,S242138551,Lisa,a04i000000h8NADAA2,Edwards,Lisa Edwards,111111306
3/11/1976,7903 Londonderry Parkway,,MO,E946697895,David,a04i000000h8NAEAA2,Rogers,David Rogers,111111307
9/29/1992,10560 8th Street,PASADENA PARK,MO,O196345537,Deborah,a04i000000h8NAFAA2,Nichols,Deborah Nichols,111111308
10/13/1963,9 Pearson Park,ST. LOUIS CITY,MO,O567042164,Samuel,a04i000000h8NAGAA2,Coleman,Samuel Coleman,111111309
10/9/1993,22 Declaration Center,WEBSTER GROVES,MO,M423601297,Janice,a04i000000h8NAHAA2,Roberts,Janice Roberts,111111310
4/18/1976,3578 Butterfield Hill,FRONTENAC,MO,Y176044621,Robin,a04i000000h8NAIAA2,Stephens,Robin Stephens,111111311
1/8/1991,,OAKLAND,,U310689759,Julia,a04i000000h8NAJAA2,Henderson,Julia Henderson,111111312
10/18/1964,089 Gateway Lane,FLORDELL HILLS,MO,S030215768,Harry,a04i000000h8NAKAA2,Fowler,Harry Fowler,111111313
12/6/1967,3 Pawling Pass,CLAYTON,MO,E396773320,Phillip,a04i000000h8NALAA2,Stevens,Phillip Stevens,111111314
1/17/1984,2271 Beilfuss Avenue,BEL-NOR,MO,I665328307,James,a04i000000h8NAOAA2,Lynch,James Lynch,111111315
8/14/1972,8 International Plaza,MACKENZIE,MO,D210868906,Nancy,a04i000000h8NAQAA2,Banks,Nancy Banks,111111316
2/25/1951,40058 Oriole Road,FERGUSON,MO,B677501551,Harold,a04i000000h8NARAA2,Johnson,Harold Johnson,111111317
10/14/1956,710 Eagan Terrace,FERGUSON,MO,J655009166,Ernest,a04i000000h8NASAA2,Franklin,Ernest Franklin,111111318
4/27/1993,2 North Parkway,PINE LAWN,MO,X688174227,Louis,a04i000000h8NATAA2,Brooks,Louis Brooks,111111319
3/18/1991,,MARYLAND HEIGHTS,MO,S733602206,Martin,a04i000000h8NAUAA2,Wheeler,Martin Wheeler,111111320
12/6/1952,2 Basil Junction,PASADENA PARK,MO,,Betty,a04i000000h8NAVAA2,Elliott,Betty Elliott,111111321
8/31/1987,845 Packers Circle,ST. GEORGE,MO,,Virginia,a04i000000h8NAWAA2,Cunningham,Virginia Cunningham,111111322
11/11/1988,8664 Katie Way,CHARLACK,MO,Q278728618,Sean,a04i000000h8NAXAA2,Harper,Sean Harper,111111323
5/2/1990,31 Kingsford Park,MAPLEWOOD,MO,T827866822,Jerry,a04i000000h8NHfAAM,Green,Jerry Green,111111324
9/14/1987,86 Dexter Road,CHESTERFIELD,MO,B097135738,Norma,a04i000000h8NHgAAM,Day,Norma Day,111111325
9/1/1964,23605 Loeprich Road,FRONTENAC,MO,Y867065818,George,a04i000000h8NHhAAM,Reid,George Reid,111111326
3/14/1967,726 Killdeer Drive,ELLISVILLE,MO,E633665109,Terry,a04i000000h8NHiAAM,Carr,Terry Carr,111111327
9/24/1993,95 Maple Wood Alley,PACIFIC,MO,V850567006,Richard,a04i000000h8NHjAAM,Arnold,Richard Arnold,111111328
11/20/1992,3286 Utah Trail,BLACK JACK,MO,J020670422,Kevin,a04i000000h8NHnAAM,Ruiz,Kevin Ruiz,111111329
12/18/1952,301 Northridge Place,,MO,S522630440,Harold,a04i000000h8NHoAAM,Hawkins,Harold Hawkins,111111330
10/13/1972,1 Tony Center,GREEN PARK,,Y777419793,Jonathan,a04i000000h8NHpAAM,Harrison,Jonathan Harrison,111111331
1/31/1966,9 Linden Alley,BELLA VILLA,MO,T462761662,Bruce,a04i000000h8NHqAAM,Anderson,Bruce Anderson,111111332
8/2/1996,64 Mifflin Center,KIRKWOOD,,O250395952,Theresa,a04i000000h8NHrAAM,Carpenter,Theresa Carpenter,111111333
12/23/1991,1 Thackeray Court,COOL VALLEY,MO,F476727940,Russell,a04i000000h8NHsAAM,Schmidt,Russell Schmidt,111111334
8/7/1982,0 Monument Plaza,WARSON WOODS,MO,J904358926,Christopher,a04i000000h8NHtAAM,George,Christopher George,111111335
1/5/1973,155 Mosinee Point,WOODSON TERRACE,MO,B221822656,Jesse,a04i000000h8NHuAAM,Murphy,Jesse Murphy,111111336
6/1/1963,8469 Talisman Circle,BEL-NOR,MO,F917801962,Eugene,a04i000000h8NHvAAM,Price,Eugene Price,111111337
3/1/1954,,FERGUSON,MO,,Barbara,a04i000000h8NI1AAM,Mason,Barbara Mason,111111338
2/12/1963,0727 Bobwhite Road,PAGEDALE,MO,O572892932,Donald,a04i000000h8NI2AAM,Morgan,Donald Morgan,111111339
12/2/1956,29470 Cordelia Drive,OVERLAND,MO,P273652793,Ronald,a04i000000h8NI3AAM,Stewart,Ronald Stewart,111111340
5/7/1958,679 Maywood Street,WINCHESTER,MO,,Andrea,a04i000000h8NI7AAM,Bryant,Andrea Bryant,111111341
2/19/1970,2030 Texas Parkway,BELLEFONTAINE NEIGHBORS,MO,V165094973,Samuel,a04i000000h8NI8AAM,Richards,Samuel Richards,111111342
12/6/1982,70 Northwestern Center,PINE LAWN,MO,I474456400,Albert,a04i000000h8NI9AAM,Bishop,Albert Bishop,111111343
10/1/1961,,FERGUSON,MO,U012827108,Kevin,a04i000000h8NIAAA2,Burton,Kevin Burton,111111344
6/1/1968,2782 Manley Circle,WOODSON TERRACE,MO,,Kenneth,a04i000000h8NAdAAM,Sanders,Kenneth Sanders,111111345
8/6/1991,58340 4th Place,BLACK JACK,MO,H988302429,Thomas,a04i000000h8NAeAAM,Cole,Thomas Cole,111111346
5/10/1953,82 Grayhawk Plaza,WILBUR PARK,MO,L596021194,Frances,a04i000000h8NAgAAM,Oliver,Frances Oliver,111111347
12/13/1987,208 Messerschmidt Center,WOODSON TERRACE,MO,,Lillian,a04i000000h8NAhAAM,Harper,Lillian Harper,111111348
1/27/1994,619 Golf View Road,CRYSTAL LAKE PARK,MO,T243679294,Kathy,a04i000000h8NAiAAM,Torres,Kathy Torres,111111349
9/23/1995,288 Little Fleur Point,COOL VALLEY,MO,E028980932,Anne,a04i000000h8NAjAAM,Richardson,Anne Richardson,111111350
2/7/1958,53 Memorial Pass,BLACK JACK,MO,U250921561,Ralph,a04i000000h8NAkAAM,Morris,Ralph Morris,111111351
2/17/1985,6 Shoshone Crossing,VALLEY PARK,MO,,Helen,a04i000000h8NAlAAM,Carpenter,Helen Carpenter,111111352
12/28/1953,18 Grayhawk Point,BEL-NOR,MO,B779847505,Lori,a04i000000h8NAmAAM,Lawrence,Lori Lawrence,111111353
3/7/1964,841 Fallview Alley,UPLANDS PARK,MO,Z833401505,Henry,a04i000000h8NAnAAM,Myers,Henry Myers,111111354
11/21/1974,13 Fuller Point,KIRKWOOD,MO,V664546223,Mark,a04i000000h8NAoAAM,Hughes,Mark Hughes,111111355
11/1/1990,65 Logan Drive,VINITA PARK,MO,J912860106,Arthur,a04i000000h8NApAAM,Hunter,Arthur Hunter,111111356
1/11/1990,93 Hansons Court,NORTHWOODS,MO,C835277065,Gerald,a04i000000h8NAqAAM,Sanders,Gerald Sanders,111111357
10/8/1960,,ST. GEORGE,MO,,Angela,a04i000000h8NArAAM,Medina,Angela Medina,111111358
3/29/1985,0 Derek Center,CLAYTON,MO,W271635919,Linda,a04i000000h8NAsAAM,Gonzales,Linda Gonzales,111111359
11/23/1985,2575 Twin Pines Parkway,MARLBOROUGH,MO,N365623941,Clarence,a04i000000h8NAtAAM,Jenkins,Clarence Jenkins,111111360
5/17/1986,1 Transport Pass,MARYLAND HEIGHTS,MO,T171582321,Bobby,a04i000000h8NAuAAM,Phillips,Bobby Phillips,111111361
8/2/1974,77 Lyons Drive,LADUE,MO,E138307190,Lois,a04i000000h8NAvAAM,Bowman,Lois Bowman,111111362
8/9/1963,1 Talisman Court,NORMANDY,MO,N927076870,Kathy,a04i000000h8NAwAAM,Bailey,Kathy Bailey,111111363
6/6/1980,33507 6th Terrace,TWIN OAKS,,K182678188,Chris,a04i000000h8NAxAAM,Garcia,Chris Garcia,111111364
10/26/1973,1 Cherokee Place,ROCK HILL,MO,O841958282,Patricia,a04i000000h8NAzAAM,Harvey,Patricia Harvey,111111365
2/8/1956,209 Hallows Way,GREENDALE,MO,B708135643,Jose,a04i000000h8NB0AAM,Washington,Jose Washington,111111366
5/9/1979,,BERKELEY,MO,,Mildred,a04i000000h8NB1AAM,Wilson,Mildred Wilson,111111367
2/6/1986,0 Weeping Birch Way,FLORISSANT,MO,U466429749,Susan,a04i000000h8NB2AAM,Schmidt,Susan Schmidt,111111368
,14 Morrow Trail,VELDA VILLAGE HILLS,MO,K991059779,David,a04i000000h8NB3AAM,Morales,David Morales,111111369
2/28/1979,,BRIDGETON,MO,M961044624,Adam,a04i000000h8NB4AAM,Wheeler,Adam Wheeler,111111370
6/4/1972,1282 Granby Alley,UPLANDS PARK,MO,V429646355,Ruth,a04i000000h8NB5AAM,Reynolds,Ruth Reynolds,111111371
7/16/1987,64944 Brickson Park Pass,MACKENZIE,,,Jean,a04i000000h8NB6AAM,Johnson,Jean Johnson,111111372
4/12/1972,8 Maple Wood Terrace,BELLA VILLA,MO,,Melissa,a04i000000h8NB7AAM,Russell,Melissa Russell,111111373
7/10/1955,,KINLOCH,MO,Q442680118,Eric,a04i000000h8NB8AAM,Harrison,Eric Harrison,111111374
6/7/1976,42708 Claremont Alley,CHESTERFIELD,MO,J725437242,Dorothy,a04i000000h8NIBAA2,Butler,Dorothy Butler,111111375
8/4/1968,31438 Ilene Plaza,MACKENZIE,MO,N555356327,Wanda,a04i000000h8NICAA2,Morgan,Wanda Morgan,111111376
1/25/1990,2081 Bonner Trail,MANCHESTER,MO,,Steven,a04i000000h8NIDAA2,Anderson,Steven Anderson,111111377
5/20/1957,3150 Southridge Circle,KIRKWOOD,MO,C700859784,Julia,a04i000000h8NIEAA2,Berry,Julia Berry,111111378
11/20/1957,61531 Melody Lane,HAZELWOOD,MO,X352147826,Brandon,a04i000000h8NIFAA2,Perez,Brandon Perez,111111379
1/24/1977,71 Forest Dale Lane,LAKESHIRE,MO,H829484279,Lillian,a04i000000h8NIGAA2,George,Lillian George,111111380
12/17/1988,41361 Katie Terrace,KINLOCH,MO,I780307130,Tina,a04i000000h8NIHAA2,Romero,Tina Romero,111111381
2/18/1984,4 Fisk Way,WINCHESTER,MO,Z690148626,Alan,a04i000000h8NIIAA2,Kelly,Alan Kelly,111111382
9/2/1951,693 Holmberg Junction,BRECKENRIDGE HILLS,MO,F609534068,Linda,a04i000000h8NIJAA2,Fowler,Linda Fowler,111111383
12/24/1973,929 Almo Place,FRONTENAC,MO,A200900284,Brandon,a04i000000h8NILAA2,Turner,Brandon Turner,111111384
9/7/1955,861 Superior Avenue,GLENDALE,MO,F992122371,Kevin,a04i000000h8NIMAA2,Morgan,Kevin Morgan,111111385
12/30/1960,66 Jay Alley,BALLWIN,MO,N756735665,Victor,a04i000000h8NINAA2,Ferguson,Victor Ferguson,111111386
12/16/1971,1371 Scoville Trail,HANLEY HILLS,MO,M403631327,Lillian,a04i000000h8NIOAA2,Andrews,Lillian Andrews,111111387
3/22/1954,0065 Holy Cross Court,SHREWSBURY,MO,,Melissa,a04i000000h8NIPAA2,Nelson,Melissa Nelson,111111388
6/22/1995,9 Morrow Street,RIVERVIEW,MO,J844045315,Adam,a04i000000h8NIQAA2,Lewis,Adam Lewis,111111389
9/27/1975,68 Burrows Place,MARYLAND HEIGHTS,,A824924934,Phyllis,a04i000000h8NIRAA2,Jones,Phyllis Jones,111111390
5/7/1995,7318 Wayridge Avenue,,MO,O464117204,Nicole,a04i000000h8NISAA2,Frazier,Nicole Frazier,111111391
9/20/1953,60 Transport Drive,VINITA PARK,MO,W420496064,Lisa,a04i000000h8NITAA2,Williamson,Lisa Williamson,111111392
4/5/1995,572 Hudson Pass,PASADENA PARK,MO,R099646423,Lori,a04i000000h8NIUAA2,Chavez,Lori Chavez,111111393
1/11/1985,8446 Holy Cross Parkway,JENNINGS,MO,H716836419,Nicholas,a04i000000h8NIVAA2,Ray,Nicholas Ray,111111394
9/17/1977,97812 Sugar Plaza,,MO,V366155772,Samuel,a04i000000h8NIWAA2,George,Samuel George,111111395
1/7/1965,5364 South Point,BRECKENRIDGE HILLS,MO,,Harry,a04i000000h8NIXAA2,Riley,Harry Riley,111111396
6/8/1979,6708 Mccormick Trail,WELLSTON,MO,R609830879,Tina,a04i000000h8NIYAA2,Baker,Tina Baker,111111397
11/26/1972,4608 Center Place,PAGEDALE,MO,R321640074,Rose,a04i000000h8NIZAA2,Wright,Rose Wright,111111398
,25 Huxley Center,RIVERVIEW,MO,Q173050362,Sharon,a04i000000h8NIaAAM,Morgan,Sharon Morgan,111111399
4/29/1996,9400 Farragut Plaza,CHAMP,MO,Q633514747,Judy,a04i000000h8NIbAAM,Lynch,Judy Lynch,111111400
5/2/1953,,WOODSON TERRACE,MO,,Antonio,a04i000000h8NIcAAM,Gonzalez,Antonio Gonzalez,111111401
3/22/1963,4 Harbort Center,VELDA CITY,MO,I695924298,Phyllis,a04i000000h8NIdAAM,Chapman,Phyllis Chapman,111111402
1/12/1974,853 Farmco Street,ST. LOUIS CITY,MO,H266548570,Robert,a04i000000h8NIeAAM,Baker,Robert Baker,111111403
7/10/1960,859 Ryan Crossing,BEVERLY HILLS,MO,D273521485,Evelyn,a04i000000h8NIfAAM,Lewis,Evelyn Lewis,111111404
4/18/1966,,BEL-NOR,MO,Q455520590,Lois,a04i000000h8NB9AAM,Torres,Lois Torres,111111405
7/24/1981,51224 Nancy Parkway,BELLA VILLA,,L872424093,Terry,a04i000000h8NBAAA2,Wagner,Terry Wagner,111111406
7/2/1986,238 Monument Place,UPLANDS PARK,MO,F764627392,Louise,a04i000000h8NBBAA2,Sims,Louise Sims,111111407
,14900 Glacier Hill Road,GLENDALE,MO,M335664838,Janet,a04i000000h8NBCAA2,Diaz,Janet Diaz,111111408
3/24/1971,457 Menomonie Plaza,KINLOCH,,P071807955,Christina,a04i000000h8NBDAA2,Peters,Christina Peters,111111409
11/6/1990,,GRANTWOOD VILLAGE,MO,K765459384,Robert,a04i000000h8NBEAA2,Warren,Robert Warren,111111410
7/16/1986,6 Homewood Parkway,,MO,D950407309,Nicholas,a04i000000h8NBFAA2,Miller,Nicholas Miller,111111411
2/8/1983,,WARSON WOODS,MO,L053712360,Cynthia,a04i000000h8NBGAA2,Howell,Cynthia Howell,111111412
4/20/1965,323 Glendale Court,NORTHWOODS,MO,S504678203,Beverly,a04i000000h8NBHAA2,Williamson,Beverly Williamson,111111413
1/25/1967,3602 Heffernan Point,UNIVERSITY CITY,MO,H458852196,Carl,a04i000000h8NBJAA2,Nelson,Carl Nelson,111111414
6/24/1980,80 Green Hill,,MO,B517054814,Denise,a04i000000h8NBKAA2,Coleman,Denise Coleman,111111415
2/25/1960,1714 Bunker Hill Drive,BLACK JACK,MO,O825934132,Sarah,a04i000000h8NBLAA2,Carter,Sarah Carter,111111416
10/28/1958,43346 East Circle,MARYLAND HEIGHTS,MO,S874955751,Steve,a04i000000h8NBMAA2,Carter,Steve Carter,111111417
6/10/1988,0615 Laurel Circle,VELDA VILLAGE HILLS,MO,A362390591,Joshua,a04i000000h8NBNAA2,Banks,Joshua Banks,111111418
10/24/1975,,WESTWOOD,MO,M868421690,Margaret,a04i000000h8NBOAA2,Lane,Margaret Lane,111111419
10/10/1980,0619 Basil Court,WESTWOOD,MO,E398390393,Douglas,a04i000000h8NBPAA2,Robertson,Douglas Robertson,111111420
9/13/1978,752 Meadow Valley Way,MAPLEWOOD,MO,,Joshua,a04i000000h8NBQAA2,Mitchell,Joshua Mitchell,111111421
11/27/1964,538 Macpherson Parkway,WESTWOOD,MO,X489182129,Patricia,a04i000000h8NBRAA2,Rivera,Patricia Rivera,111111422
,83011 Merchant Center,MOLINE ACRES,MO,L203975600,Jeffrey,a04i000000h8NBTAA2,Lane,Jeffrey Lane,111111423
6/18/1986,,MANCHESTER,MO,V685015237,Justin,a04i000000h8NBUAA2,Walker,Justin Walker,111111424
4/17/1984,3 Hansons Circle,EDMUNDSON,MO,A311907359,Marilyn,a04i000000h8NBYAA2,Reid,Marilyn Reid,111111425
2/1/1964,419 2nd Crossing,WELLSTON,MO,R441755964,Carol,a04i000000h8NBZAA2,Armstrong,Carol Armstrong,111111426
2/22/1991,1 Melvin Trail,ST. ANN,MO,Q382361883,Wayne,a04i000000h8NBbAAM,Nguyen,Wayne Nguyen,111111427
2/5/1962,851 Russell Park,FRONTENAC,MO,F411853697,Wanda,a04i000000h8NBcAAM,Ray,Wanda Ray,111111428
10/1/1994,881 Helena Center,CHARLACK,MO,E824112051,Ralph,a04i000000h8NBdAAM,Duncan,Ralph Duncan,111111429
1/20/1958,0797 Westend Circle,UPLANDS PARK,MO,,William,a04i000000h8NBeAAM,Mitchell,William Mitchell,111111430
4/25/1960,30 Calypso Court,NORMANDY,MO,D222387855,Lisa,a04i000000h8NBfAAM,Sims,Lisa Sims,111111431
6/12/1978,4 Bunting Plaza,BERKELEY,MO,R426445039,Margaret,a04i000000h8NBgAAM,Bishop,Margaret Bishop,111111432
11/15/1981,33 Mosinee Alley,,MO,M129244409,Bruce,a04i000000h8NIkAAM,Dunn,Bruce Dunn,111111433
4/17/1993,43 Canary Plaza,WOODSON TERRACE,MO,Y451217936,Jason,a04i000000h8NIlAAM,Graham,Jason Graham,111111434
2/23/1957,4 Dovetail Trail,PAGEDALE,,D614261312,Amy,a04i000000h8NImAAM,Bailey,Amy Bailey,111111435
12/2/1995,3 Texas Crossing,PAGEDALE,MO,P542820068,Daniel,a04i000000h8NInAAM,Marshall,Daniel Marshall,111111436
10/19/1992,455 Haas Crossing,HANLEY HILLS,MO,W893732058,Samuel,a04i000000h8NIoAAM,Nguyen,Samuel Nguyen,111111437
6/6/1953,8301 Garrison Avenue,HILLSDALE,MO,,Mark,a04i000000h8NIpAAM,Simpson,Mark Simpson,111111438
10/9/1967,6 Gulseth Drive,BLACK JACK,MO,A065485924,Linda,a04i000000h8NIqAAM,Ward,Linda Ward,111111439
5/5/1961,84278 Talmadge Park,WILDWOOD,MO,N822170652,Helen,a04i000000h8NIrAAM,Flores,Helen Flores,111111440
9/15/1982,495 Northwestern Lane,VELDA CITY,MO,B290967709,Jimmy,a04i000000h8NIsAAM,Fox,Jimmy Fox,111111441
10/16/1970,93217 Northport Trail,FRONTENAC,MO,I205583137,Jean,a04i000000h8NItAAM,Reid,Jean Reid,111111442
12/20/1962,13804 Becker Junction,CHAMP,MO,,Brenda,a04i000000h8NIuAAM,Collins,Brenda Collins,111111443
7/20/1970,,PASADENA HILLS,MO,U036012761,Kelly,a04i000000h8NIvAAM,Martin,Kelly Martin,111111444
11/7/1990,192 American Park,GREEN PARK,MO,K131464916,Andrew,a04i000000h8NIwAAM,Torres,Andrew Torres,111111445
4/18/1957,858 Kim Crossing,ST. ANN,MO,,Evelyn,a04i000000h8NIxAAM,Morgan,Evelyn Morgan,111111446
11/15/1950,349 Nevada Park,MOLINE ACRES,MO,F889129423,Adam,a04i000000h8NIyAAM,Davis,Adam Davis,111111447
6/12/1962,381 Chive Place,MAPLEWOOD,MO,J523987277,Carol,a04i000000h8NIzAAM,West,Carol West,111111448
2/1/1974,95926 Namekagon Terrace,NORMANDY,MO,Q526993883,Jerry,a04i000000h8NJ0AAM,Cox,Jerry Cox,111111449
5/6/1973,4 Kedzie Way,WELLSTON,MO,,Wanda,a04i000000h8NJ3AAM,Howard,Wanda Howard,111111450
3/2/1993,98641 Buell Park,FLORDELL HILLS,MO,M314062819,Mildred,a04i000000h8NJ7AAM,Moore,Mildred Moore,111111451
7/17/1963,108 Columbus Center,FENTON,MO,F946778666,Christopher,a04i000000h8NJ8AAM,Nelson,Christopher Nelson,111111452
1/1/1985,7 Pankratz Junction,GRANTWOOD VILLAGE,MO,T856715918,Jonathan,a04i000000h8NJ9AAM,Mccoy,Jonathan Mccoy,111111453
6/28/1979,17619 Calypso Way,CLARKSON VALLEY,MO,J721282735,Chris,a04i000000h8NJAAA2,Harris,Chris Harris,111111454
2/27/1987,66 Arizona Street,,MO,F032721739,Paula,a04i000000h8NJBAA2,Fowler,Paula Fowler,111111455
9/26/1952,164 Hermina Hill,PACIFIC,MO,P779389861,Sharon,a04i000000h8NJCAA2,Day,Sharon Day,111111456
7/2/1989,4992 Annamark Terrace,GREENDALE,MO,Y595821818,Amanda,a04i000000h8NJDAA2,Fuller,Amanda Fuller,111111457
11/15/1984,5 Wayridge Alley,UPLANDS PARK,MO,O310023093,Phyllis,a04i000000h8NJEAA2,Lee,Phyllis Lee,111111458
12/30/1975,0 Erie Road,DES PERES,MO,O890037612,Wanda,a04i000000h8N3lAAE,Phillips,Wanda Phillips,111111459
10/31/1960,856 Banding Trail,CHESTERFIELD,MO,,Mildred,a04i000000h8N3mAAE,Collins,Mildred Collins,111111460
4/10/1992,62819 Jay Way,HILLSDALE,MO,A840420280,Lori,a04i000000h8N3nAAE,Grant,Lori Grant,111111461
6/19/1973,6 Kropf Park,HAZELWOOD,MO,Z854997336,Jerry,a04i000000h8N3qAAE,Sanders,Jerry Sanders,111111462
5/29/1994,115 Bobwhite Junction,WARSON WOODS,MO,X984850978,Phillip,a04i000000h8N3sAAE,Gardner,Phillip Gardner,111111463
7/10/1963,8 Utah Way,CRYSTAL LAKE PARK,,Y799252548,Judy,a04i000000h8N3tAAE,Gardner,Judy Gardner,111111464
1/6/1958,835 Grayhawk Way,SUNSET HILLS,,W879351691,Marilyn,a04i000000h8N3uAAE,Arnold,Marilyn Arnold,111111465
1/2/1992,80611 Bluejay Pass,DELLWOOD,MO,A073019557,Frank,a04i000000h8N3vAAE,Fields,Frank Fields,111111466
8/27/1960,0876 Barnett Circle,BLACK JACK,MO,I927843860,Nancy,a04i000000h8N3wAAE,Kelley,Nancy Kelley,111111467
4/7/1962,22 Waubesa Alley,VALLEY PARK,MO,F307994218,Samuel,a04i000000h8N3xAAE,Ward,Samuel Ward,111111468
5/3/1955,21 Park Meadow Trail,OVERLAND,MO,O088897751,Louis,a04i000000h8NBhAAM,George,Louis George,111111469
8/27/1963,,ST. ANN,MO,U015943688,Kathryn,a04i000000h8NBiAAM,Bishop,Kathryn Bishop,111111470
12/19/1959,12 Kedzie Parkway,PINE LAWN,MO,R620292026,Amanda,a04i000000h8NBjAAM,Nguyen,Amanda Nguyen,111111471
12/18/1991,8530 Quincy Hill,HILLSDALE,MO,Y493643799,Keith,a04i000000h8NBkAAM,Johnson,Keith Johnson,111111472
12/6/1958,,PINE LAWN,MO,A458431772,Roger,a04i000000h8NBlAAM,Fowler,Roger Fowler,111111473
10/30/1986,23 Ridgeway Parkway,OVERLAND,MO,C094427614,Mark,a04i000000h8NBmAAM,Rodriguez,Mark Rodriguez,111111474
3/10/1983,2 Dwight Road,HAZELWOOD,MO,K374451639,Emily,a04i000000h8NBnAAM,Hayes,Emily Hayes,111111475
2/12/1983,243 Anniversary Way,VINITA TERRACE,MO,C195568319,Ronald,a04i000000h8NBoAAM,Garcia,Ronald Garcia,111111476
12/22/1956,390 Weeping Birch Plaza,WESTWOOD,MO,P962968772,Irene,a04i000000h8NBpAAM,Reyes,Irene Reyes,111111477
1/26/1976,92886 Jackson Avenue,ST. LOUIS CITY,MO,P402210431,Carl,a04i000000h8NBqAAM,Long,Carl Long,111111478
3/21/1975,69010 Talmadge Center,WILDWOOD,MO,,Roger,a04i000000h8NBrAAM,Walker,Roger Walker,111111479
9/16/1994,835 Lunder Drive,FENTON,MO,F261219468,Debra,a04i000000h8NBvAAM,Larson,Debra Larson,111111480
4/27/1965,7 Kensington Parkway,NORMANDY,MO,O565822006,Heather,a04i000000h8NBwAAM,Lopez,Heather Lopez,111111481
5/26/1993,8 Almo Crossing,PASADENA HILLS,MO,N116287494,Ashley,a04i000000h8NBxAAM,Hawkins,Ashley Hawkins,111111482
9/28/1992,97 Raven Alley,MARYLAND HEIGHTS,MO,K250527287,Joshua,a04i000000h8NC0AAM,Stanley,Joshua Stanley,111111483
3/22/1994,3777 Kedzie Point,HILLSDALE,MO,,Nancy,a04i000000h8NC1AAM,Spencer,Nancy Spencer,111111484
8/30/1962,8 Grasskamp Way,CALVERTON PARK,MO,B653514358,Marie,a04i000000h8NC2AAM,Sullivan,Marie Sullivan,111111485
11/22/1971,13 Dapin Crossing,BEL-RIDGE,MO,U953983066,Jeffrey,a04i000000h8NC3AAM,Medina,Jeffrey Medina,111111486
6/15/1980,02 Comanche Center,PAGEDALE,MO,K019254891,Margaret,a04i000000h8NC6AAM,West,Margaret West,111111487
1/11/1959,71 Dorton Way,BELLA VILLA,MO,,Sara,a04i000000h8NC7AAM,Stephens,Sara Stephens,111111488
4/11/1965,5 Crowley Crossing,GREENDALE,MO,T592907154,Kathryn,a04i000000h8NC8AAM,Shaw,Kathryn Shaw,111111489
2/5/1981,2254 Eastlawn Place,ELLISVILLE,MO,W567848893,Sean,a04i000000h8NC9AAM,Palmer,Sean Palmer,111111490
1/23/1956,34 Lillian Park,PINE LAWN,MO,,Sean,a04i000000h8NCAAA2,Castillo,Sean Castillo,111111491
4/20/1951,3 Brickson Park Crossing,CLARKSON VALLEY,MO,O144421054,Eugene,a04i000000h8NCBAA2,Richardson,Eugene Richardson,111111492
5/12/1991,3876 Fulton Plaza,DES PERES,MO,N215703956,Phillip,a04i000000h8NJIAA2,Armstrong,Phillip Armstrong,111111493
2/21/1954,30 East Lane,GRANTWOOD VILLAGE,MO,S452812321,Bruce,a04i000000h8NJJAA2,Mccoy,Bruce Mccoy,111111494
12/3/1968,8213 Reinke Road,BRIDGETON,MO,L628163308,Richard,a04i000000h8NJKAA2,Cook,Richard Cook,111111495
12/30/1993,4 Rutledge Hill,KINLOCH,MO,F208879900,Roger,a04i000000h8NJQAA2,Cook,Roger Cook,111111496
2/8/1963,73290 David Road,OLIVETTE,MO,W865082955,Deborah,a04i000000h8NJRAA2,Sullivan,Deborah Sullivan,111111497
5/4/1971,13 Drewry Alley,CREVE COEUR,MO,D138503309,Pamela,a04i000000h8NJSAA2,Alexander,Pamela Alexander,111111498
6/13/1996,48 Mesta Park,WEBSTER GROVES,MO,G756673627,Andrea,a04i000000h8NJTAA2,Morales,Andrea Morales,111111499
4/12/1979,29941 Mosinee Street,BRENTWOOD,MO,H521928646,Thomas,a04i000000h8NJUAA2,Meyer,Thomas Meyer,111111500
8/13/1964,81007 Harper Trail,KIRKWOOD,MO,B726484950,Phyllis,a04i000000h8NJVAA2,James,Phyllis James,111111501
7/24/1987,0 Dunning Way,ROCK HILL,MO,K282014783,Kelly,a04i000000h8NJWAA2,West,Kelly West,111111502
5/24/1953,7524 Maryland Terrace,HAZELWOOD,MO,U111613509,Andrew,a04i000000h8NJXAA2,Rivera,Andrew Rivera,111111503
12/14/1972,632 Dapin Circle,MARLBOROUGH,MO,T164390250,Stephen,a04i000000h8NJYAA2,Lewis,Stephen Lewis,111111504
2/16/1977,1 Heffernan Trail,COOL VALLEY,MO,C777407756,Nancy,a04i000000h8NJZAA2,Hughes,Nancy Hughes,111111505
11/26/1986,71 Carpenter Hill,GRANTWOOD VILLAGE,MO,O132835414,Michael,a04i000000h8NJaAAM,Tucker,Michael Tucker,111111506
5/31/1984,07 Pearson Road,COUNTRY LIFE ACRES,MO,R513029509,Bonnie,a04i000000h8NJeAAM,Richardson,Bonnie Richardson,111111507
6/10/1986,7 Annamark Terrace,FLORISSANT,MO,V138249416,Kimberly,a04i000000h8NJfAAM,Crawford,Kimberly Crawford,111111508
10/16/1993,4341 Hudson Street,BLACK JACK,MO,L101401939,Steve,a04i000000h8NJhAAM,Gibson,Steve Gibson,111111509
3/8/1984,9 Chive Terrace,LADUE,MO,P218402805,Walter,a04i000000h8NJiAAM,Lawson,Walter Lawson,111111510
2/27/1981,98 Lunder Place,GLEN ECHO PARK,MO,V297891865,Jason,a04i000000h8NJjAAM,Williams,Jason Williams,111111511
10/20/1972,7 East Alley,MANCHESTER,MO,K804892244,Richard,a04i000000h8NJkAAM,Ortiz,Richard Ortiz,111111512
10/23/1961,5 Upham Way,SYCAMORE HILLS,MO,O465333910,Mary,a04i000000h8NJlAAM,Fields,Mary Fields,111111513
2/4/1970,8 Forest Run Drive,NORWOOD COURT,MO,P460393996,Jack,a04i000000h8NJmAAM,Kim,Jack Kim,111111514
12/25/1987,85 Pepper Wood Circle,WOODSON TERRACE,MO,J771765099,Gloria,a04i000000h8N3yAAE,Reynolds,Gloria Reynolds,111111515
12/28/1952,6083 Tennessee Park,CLAYTON,MO,P170421367,Phyllis,a04i000000h8N3zAAE,Nelson,Phyllis Nelson,111111516
10/9/1983,0277 High Crossing Crossing,PAGEDALE,MO,K762580477,Douglas,a04i000000h8N40AAE,Matthews,Douglas Matthews,111111517
10/20/1984,3949 Hooker Drive,BALLWIN,MO,S607522726,Annie,a04i000000h8N41AAE,Nichols,Annie Nichols,111111518
3/8/1967,0 Summerview Terrace,PASADENA HILLS,MO,I369319612,Donald,a04i000000h8N42AAE,Webb,Donald Webb,111111519
6/13/1993,6 Loomis Plaza,TWIN OAKS,,N193286121,Donald,a04i000000h8N43AAE,Hunter,Donald Hunter,111111520
8/20/1979,2 Scoville Way,GLEN ECHO PARK,MO,Y165779775,Roy,a04i000000h8N44AAE,Parker,Roy Parker,111111521
3/12/1987,5 Hagan Street,KIRKWOOD,MO,,Marie,a04i000000h8N45AAE,Schmidt,Marie Schmidt,111111522
11/2/1954,8 Lawn Lane,SUNSET HILLS,MO,V396431169,Earl,a04i000000h8N47AAE,Medina,Earl Medina,111111523
3/31/1971,3 Shoshone Trail,BELLEFONTAINE NEIGHBORS,MO,Z734750542,Jimmy,a04i000000h8N48AAE,Woods,Jimmy Woods,111111524
6/18/1982,2 Anthes Alley,BRENTWOOD,MO,I949145193,Raymond,a04i000000h8N49AAE,Griffin,Raymond Griffin,111111525
8/6/1977,17 High Crossing Crossing,RIVERVIEW,MO,W300723341,Anthony,a04i000000h8N4AAAU,Crawford,Anthony Crawford,111111526
2/18/1962,0338 Lindbergh Place,VINITA PARK,,,Pamela,a04i000000h8N4BAAU,West,Pamela West,111111527
3/1/1977,608 Oak Park,PASADENA HILLS,,C752351651,George,a04i000000h8N4CAAU,Nguyen,George Nguyen,111111528
3/29/1961,,HAZELWOOD,MO,,Julie,a04i000000h8N4DAAU,Gardner,Julie Gardner,111111529
4/30/1979,47 Jay Way,FLORDELL HILLS,MO,U681077853,Jessica,a04i000000h8N4EAAU,Stephens,Jessica Stephens,111111530
8/24/1983,33009 Arrowood Alley,BELLEFONTAINE NEIGHBORS,MO,T958584005,Justin,a04i000000h8N4HAAU,Hughes,Justin Hughes,111111531
9/7/1962,5 Montana Place,JENNINGS,,O089233532,Phillip,a04i000000h8N4IAAU,Harper,Phillip Harper,111111532
10/20/1962,2758 Prairie Rose Avenue,CRYSTAL LAKE PARK,MO,S761105361,Henry,a04i000000h8N4JAAU,Sanders,Henry Sanders,111111533
7/16/1952,645 Sutherland Point,CRESTWOOD,MO,E938173438,Howard,a04i000000h8N4KAAU,Butler,Howard Butler,111111534
10/17/1988,6 Jay Center,RIVERVIEW,MO,Z090024506,Donald,a04i000000h8N4PAAU,Robertson,Donald Robertson,111111535
4/8/1986,12982 Talisman Circle,WILBUR PARK,MO,I915840812,Peter,a04i000000h8N4QAAU,Gonzales,Peter Gonzales,111111536
5/6/1996,80 Welch Point,MACKENZIE,MO,N932894791,Anthony,a04i000000h8N4RAAU,Smith,Anthony Smith,111111537
5/9/1954,0885 John Wall Lane,PASADENA PARK,MO,X235641617,Brenda,a04i000000h8N4SAAU,Wallace,Brenda Wallace,111111538
7/10/1965,1 Delladonna Circle,CRYSTAL LAKE PARK,MO,A594762482,Eric,a04i000000h8N4TAAU,Olson,Eric Olson,111111539
8/21/1976,4 Moulton Terrace,MARYLAND HEIGHTS,MO,N525607908,Carol,a04i000000h8N4UAAU,Fisher,Carol Fisher,111111540
1/13/1954,15053 Clyde Gallagher Crossing,BEL-NOR,MO,H100205238,Jimmy,a04i000000h8NCCAA2,Nichols,Jimmy Nichols,111111541
5/28/1959,32669 Menomonie Drive,ST. ANN,MO,W853783997,Jason,a04i000000h8NCDAA2,Long,Jason Long,111111542
4/11/1966,594 Bayside Plaza,RICHMOND HEIGHTS,MO,,Paul,a04i000000h8NCEAA2,Morgan,Paul Morgan,111111543
5/21/1951,9 Springs Junction,PINE LAWN,MO,Q837998765,Katherine,a04i000000h8NCFAA2,Andrews,Katherine Andrews,111111544
10/31/1976,95805 Bartillon Plaza,GRANTWOOD VILLAGE,MO,C786057245,George,a04i000000h8NCGAA2,Fields,George Fields,111111545
7/29/1964,0343 Hoard Road,BEL-RIDGE,MO,F244254847,Eric,a04i000000h8NCHAA2,Kelly,Eric Kelly,111111546
3/24/1954,13 Straubel Trail,MAPLEWOOD,MO,C411808827,Terry,a04i000000h8NCIAA2,Green,Terry Green,111111547
4/27/1956,,CHAMP,MO,Q063465516,George,a04i000000h8NCJAA2,Cook,George Cook,111111548
10/23/1956,65245 Banding Street,OVERLAND,MO,D639560606,Donald,a04i000000h8NCKAA2,Bowman,Donald Bowman,111111549
2/22/1988,0 Florence Circle,LAKESHIRE,MO,F130189768,Howard,a04i000000h8NCLAA2,Harper,Howard Harper,111111550
6/10/1958,8 Nobel Trail,BELLA VILLA,MO,C076819320,Nicole,a04i000000h8NCMAA2,Johnson,Nicole Johnson,111111551
3/12/1984,95443 Glacier Hill Center,HANLEY HILLS,MO,I336804097,Christina,a04i000000h8NCPAA2,Carr,Christina Carr,111111552
6/1/1969,1 Colorado Trail,HILLSDALE,MO,,Janet,a04i000000h8NCQAA2,Duncan,Janet Duncan,111111553
6/28/1968,,BRIDGETON,MO,N797959653,Annie,a04i000000h8NCRAA2,Fowler,Annie Fowler,111111554
3/8/1962,4193 Quincy Pass,JENNINGS,MO,C335919258,Jonathan,a04i000000h8NCTAA2,Frazier,Jonathan Frazier,111111555
9/6/1975,567 Brentwood Way,MAPLEWOOD,MO,D454188683,Billy,a04i000000h8NCUAA2,Larson,Billy Larson,111111556
11/30/1967,848 Harbort Place,RICHMOND HEIGHTS,MO,D163133335,Robert,a04i000000h8NCVAA2,Fox,Robert Fox,111111557
5/24/1983,35466 Moulton Junction,CALVERTON PARK,MO,E498215060,Donald,a04i000000h8NCWAA2,Thompson,Donald Thompson,111111558
2/6/1968,66 David Crossing,SHREWSBURY,MO,I283524628,Judy,a04i000000h8NCXAA2,Austin,Judy Austin,111111559
10/27/1952,403 Superior Avenue,WESTWOOD,MO,L265445625,Joan,a04i000000h8NCYAA2,Reed,Joan Reed,111111560
12/2/1950,,WARSON WOODS,MO,B109454167,Matthew,a04i000000h8NCZAA2,Harrison,Matthew Harrison,111111561
3/9/1988,79270 Lake View Drive,SYCAMORE HILLS,MO,V307781370,Judith,a04i000000h8NCaAAM,Gibson,Judith Gibson,111111562
6/11/1973,,SUNSET HILLS,MO,R300206873,Chris,a04i000000h8NCbAAM,Elliott,Chris Elliott,111111563
9/28/1979,41 Southridge Place,GLENDALE,MO,H616360864,Rachel,a04i000000h8NCcAAM,Wells,Rachel Wells,111111564
11/1/1985,1350 Hudson Hill,ST. ANN,MO,W510639221,Angela,a04i000000h8NCdAAM,Woods,Angela Woods,111111565
5/12/1952,5526 Messerschmidt Trail,MAPLEWOOD,MO,M815967156,Sarah,a04i000000h8NCeAAM,Ramos,Sarah Ramos,111111566
2/9/1968,0 Bowman Circle,BRENTWOOD,MO,,Aaron,a04i000000h8NCfAAM,Tucker,Aaron Tucker,111111567
3/19/1991,56 Melrose Hill,OLIVETTE,MO,M354084092,Anna,a04i000000h8NCgAAM,Williams,Anna Williams,111111568
8/4/1961,2 Maple Hill,NORWOOD COURT,MO,X118966180,Denise,a04i000000h8NChAAM,Henry,Denise Henry,111111569
3/19/1984,,DELLWOOD,MO,O483602405,Jeremy,a04i000000h8NCiAAM,Martin,Jeremy Martin,111111570
9/10/1982,87 Northwestern Plaza,WILDWOOD,MO,S192069729,Bobby,a04i000000h8NCjAAM,Gutierrez,Bobby Gutierrez,111111571
9/16/1981,6887 Portage Drive,FLORISSANT,MO,L200604984,George,a04i000000h8NJnAAM,Montgomery,George Montgomery,111111572
1/30/1978,,BRENTWOOD,MO,A467103741,Fred,a04i000000h8NJoAAM,Price,Fred Price,111111573
,89 Russell Road,CLARKSON VALLEY,,P087538224,Jessica,a04i000000h8NJpAAM,Brooks,Jessica Brooks,111111574
10/19/1975,08674 Golf Course Crossing,PASADENA HILLS,MO,E405282808,Gerald,a04i000000h8NJqAAM,King,Gerald King,111111575
8/26/1986,37958 Eggendart Road,BALLWIN,MO,R775003019,Elizabeth,a04i000000h8NJrAAM,Ramos,Elizabeth Ramos,111111576
8/11/1978,80614 Westerfield Park,CRYSTAL LAKE PARK,MO,N304261124,Kathleen,a04i000000h8NJsAAM,Evans,Kathleen Evans,111111577
2/6/1958,5 Cordelia Park,ST. ANN,MO,H650942231,Marie,a04i000000h8N4VAAU,Hansen,Marie Hansen,111111578
5/18/1987,1 Clemons Terrace,ST. ANN,,S878479512,Brenda,a04i000000h8N4WAAU,Peterson,Brenda Peterson,111111579
8/29/1975,42722 Stoughton Street,TWIN OAKS,MO,,Phillip,a04i000000h8N4ZAAU,Elliott,Phillip Elliott,111111580
4/6/1994,,KINLOCH,MO,B891387545,Arthur,a04i000000h8N4aAAE,Cox,Arthur Cox,111111581
4/11/1992,5 Meadow Ridge Alley,HANLEY HILLS,MO,K436519480,Janet,a04i000000h8N4bAAE,Rodriguez,Janet Rodriguez,111111582
11/18/1960,107 Ruskin Center,MACKENZIE,MO,N183851337,Craig,a04i000000h8N4cAAE,Riley,Craig Riley,111111583
6/13/1978,3 Drewry Crossing,ST. ANN,MO,,Laura,a04i000000h8N4dAAE,Lawrence,Laura Lawrence,111111584
3/20/1979,85609 Oriole Road,KINLOCH,MO,M061054443,Debra,a04i000000h8N4eAAE,Stevens,Debra Stevens,111111585
9/23/1995,4880 Magdeline Terrace,,MO,D291775596,Jessica,a04i000000h8N4fAAE,Gutierrez,Jessica Gutierrez,111111586
,,PACIFIC,MO,H758077813,Andrew,a04i000000h8N4gAAE,White,Andrew White,111111587
7/12/1971,51248 Killdeer Street,,MO,B648960244,Anthony,a04i000000h8N4hAAE,Wallace,Anthony Wallace,111111588
9/9/1969,2429 Kropf Court,CRYSTAL LAKE PARK,MO,V557857325,Carol,a04i000000h8N4iAAE,Lee,Carol Lee,111111589
11/26/1984,,UPLANDS PARK,MO,Q370448403,Donald,a04i000000h8N4jAAE,Gordon,Donald Gordon,111111590
5/1/1955,153 Annamark Court,BRECKENRIDGE HILLS,MO,F334643862,Sandra,a04i000000h8N4kAAE,Young,Sandra Young,111111591
2/17/1971,860 Northridge Way,BRENTWOOD,MO,E116476847,Kevin,a04i000000h8N4rAAE,Mcdonald,Kevin Mcdonald,111111592
8/6/1953,6838 Jay Court,BLACK JACK,MO,R749121157,Emily,a04i000000h8N4sAAE,Crawford,Emily Crawford,111111593
5/16/1995,338 Riverside Court,WINCHESTER,,O564114586,Marie,a04i000000h8N4tAAE,Oliver,Marie Oliver,111111594
3/4/1952,9426 Lien Pass,ST. LOUIS CITY,MO,X815292854,Diana,a04i000000h8N4uAAE,Wagner,Diana Wagner,111111595
6/26/1972,8 Troy Circle,MARYLAND HEIGHTS,MO,,Teresa,a04i000000h8N4vAAE,Mccoy,Teresa Mccoy,111111596
1/2/1970,10418 Mandrake Pass,WEBSTER GROVES,MO,U806930371,Cheryl,a04i000000h8N4wAAE,Castillo,Cheryl Castillo,111111597
4/20/1968,1 Thierer Lane,BRECKENRIDGE HILLS,MO,Z959599316,Susan,a04i000000h8N4xAAE,Ford,Susan Ford,111111598
12/26/1982,6574 Portage Place,OLIVETTE,MO,V246682076,Stephen,a04i000000h8N4yAAE,Reyes,Stephen Reyes,111111599
1/2/1963,30225 Boyd Place,PASADENA PARK,MO,F392250641,Jonathan,a04i000000h8N4zAAE,Mills,Jonathan Mills,111111600
11/18/1985,673 Ridge Oak Trail,HANLEY HILLS,MO,Q722588049,Patrick,a04i000000h8N50AAE,Weaver,Patrick Weaver,111111601
12/12/1968,110 Nevada Terrace,BEL-NOR,MO,,Nancy,a04i000000h8NCkAAM,Butler,Nancy Butler,111111602
6/26/1961,105 Derek Center,FERGUSON,MO,L357892877,Robin,a04i000000h8NClAAM,Nichols,Robin Nichols,111111603
6/1/1974,938 Farmco Avenue,LAKESHIRE,MO,K891656551,Ann,a04i000000h8NCmAAM,Garcia,Ann Garcia,111111604
5/18/1992,213 Jackson Drive,TWIN OAKS,MO,Q926753421,Debra,a04i000000h8NCnAAM,Warren,Debra Warren,111111605
2/20/1954,50620 Ronald Regan Trail,CRYSTAL LAKE PARK,MO,S846270312,Ashley,a04i000000h8NCoAAM,Garza,Ashley Garza,111111606
2/24/1984,4 Sundown Park,NORMANDY,,B318116925,Steve,a04i000000h8NCqAAM,Bell,Steve Bell,111111607
11/4/1954,37224 Surrey Park,HILLSDALE,MO,H866771499,Robin,a04i000000h8NCrAAM,James,Robin James,111111608
2/21/1967,18 Quincy Street,ROCK HILL,MO,U250084141,Susan,a04i000000h8NCsAAM,Richards,Susan Richards,111111609
,25 Spaight Point,FLORISSANT,MO,B511308400,Carolyn,a04i000000h8NCtAAM,Brown,Carolyn Brown,111111610
9/9/1968,1561 Eliot Avenue,WESTWOOD,MO,W973979733,Jean,a04i000000h8NCyAAM,Lopez,Jean Lopez,111111611
2/18/1975,1 Sommers Trail,MOLINE ACRES,MO,R910221512,Marilyn,a04i000000h8N53AAE,Torres,Marilyn Torres,111111612
1/28/1987,65081 Dwight Street,GREENDALE,MO,Z549689732,Timothy,a04i000000h8N54AAE,Williamson,Timothy Williamson,111111613
12/9/1983,55005 Stang Crossing,CHAMP,MO,I936510249,Harry,a04i000000h8N55AAE,Reed,Harry Reed,111111614
3/21/1986,057 Bashford Hill,NORTHWOODS,MO,U960595854,Rachel,a04i000000h8N56AAE,Ray,Rachel Ray,111111615
4/5/1986,2526 Talmadge Hill,BRIDGETON,MO,T867547897,Brandon,a04i000000h8N57AAE,Marshall,Brandon Marshall,111111616
6/21/1965,7 Northview Center,WINCHESTER,MO,P498389750,Andrea,a04i000000h8N58AAE,Dixon,Andrea Dixon,111111617
4/27/1988,,SUNSET HILLS,MO,M105816242,Tammy,a04i000000h8N59AAE,Gardner,Tammy Gardner,111111618
5/4/1957,2 Dahle Drive,,MO,S199664659,Willie,a04i000000h8N5AAAU,Bailey,Willie Bailey,111111619
9/16/1969,3038 Lunder Street,PAGEDALE,MO,M897671001,Samuel,a04i000000h8N5BAAU,Burke,Samuel Burke,111111620
1/10/1972,56099 Reinke Parkway,PINE LAWN,MO,I486054826,Patricia,a04i000000h8N5CAAU,Fields,Patricia Fields,111111621
6/5/1981,9 Orin Parkway,NORWOOD COURT,,H233189734,Sandra,a04i000000h8N5DAAU,Hunter,Sandra Hunter,111111622
9/15/1985,4294 Valley Edge Street,GREEN PARK,MO,R225846000,Sean,a04i000000h8N5EAAU,Matthews,Sean Matthews,111111623
11/20/1982,,PASADENA HILLS,MO,R339448194,Sara,a04i000000h8N5HAAU,Berry,Sara Berry,111111624
12/2/1970,8 Twin Pines Parkway,MAPLEWOOD,MO,E948416627,Maria,a04i000000h8N5IAAU,Reyes,Maria Reyes,111111625
10/4/1962,2 Darwin Hill,SHREWSBURY,MO,M508715560,Anne,a04i000000h8N5JAAU,Thompson,Anne Thompson,111111626
3/14/1952,,NORWOOD COURT,MO,V685553779,Harold,a04i000000h8N5KAAU,Henry,Harold Henry,111111627
6/14/1982,9 Dryden Street,BRIDGETON,MO,I189860496,Dennis,a04i000000h8N5LAAU,Jenkins,Dennis Jenkins,111111628
12/15/1963,740 Reinke Drive,LADUE,MO,V174258724,Donna,a04i000000h8N5MAAU,Hayes,Donna Hayes,111111629
10/26/1952,68 Di Loreto Alley,NORMANDY,MO,F629953912,Kelly,a04i000000h8N5NAAU,Banks,Kelly Banks,111111630
3/27/1983,5 Harper Court,WINCHESTER,MO,M119574189,Jimmy,a04i000000h8N5OAAU,Nguyen,Jimmy Nguyen,111111631
7/4/1978,687 Columbus Road,OAKLAND,MO,B708646386,Donna,a04i000000h8N5PAAU,Hunter,Donna Hunter,111111632
2/11/1979,939 Reindahl Terrace,WILBUR PARK,MO,A978973252,Lisa,a04i000000h8N5QAAU,Hawkins,Lisa Hawkins,111111633
8/18/1970,883 East Court,FERGUSON,MO,M872670042,Walter,a04i000000h8N5RAAU,Russell,Walter Russell,111111634
5/1/1951,85 Elka Alley,ST. GEORGE,MO,A545251822,Randy,a04i000000h8N5SAAU,Boyd,Randy Boyd,111111635
7/20/1951,17912 Gerald Terrace,RIVERVIEW,MO,A326414981,Wayne,a04i000000h8N5TAAU,Chapman,Wayne Chapman,111111636
9/20/1955,9861 Gulseth Avenue,CALVERTON PARK,MO,E796870199,Randy,a04i000000h8N5UAAU,Garza,Randy Garza,111111637
4/11/1983,632 Oxford Drive,,MO,Q801382705,Diana,a04i000000h8N5VAAU,Mason,Diana Mason,111111638
7/29/1986,0720 Melody Street,MANCHESTER,MO,U547173025,Donna,a04i000000h8N5WAAU,Torres,Donna Torres,111111639
12/31/1995,06 Vahlen Lane,MARLBOROUGH,MO,L526278813,Bonnie,a04i000000h8N5XAAU,Fox,Bonnie Fox,111111640
7/3/1968,5 Grasskamp Parkway,SYCAMORE HILLS,MO,O273031566,Richard,a04i000000h8N5YAAU,Murray,Richard Murray,111111641
12/3/1950,4388 David Street,,MO,P726104482,Harold,a04i000000h8ND0AAM,Jacobs,Harold Jacobs,111111642
12/17/1966,51081 Lukken Park,ST. ANN,,,Julia,a04i000000h8ND1AAM,Johnson,Julia Johnson,111111643
8/18/1981,7255 Dexter Drive,CHARLACK,MO,G351259132,Jessica,a04i000000h8ND2AAM,Long,Jessica Long,111111644
10/25/1972,9489 Dottie Way,BRECKENRIDGE HILLS,MO,,Andrew,a04i000000h8ND3AAM,Sanchez,Andrew Sanchez,111111645
,,WILDWOOD,MO,B567263612,Rebecca,a04i000000h8ND4AAM,Jacobs,Rebecca Jacobs,111111646
7/19/1958,45855 Village Green Avenue,RICHMOND HEIGHTS,,S970610650,Ryan,a04i000000h8ND5AAM,Garrett,Ryan Garrett,111111647
9/25/1975,,BELLA VILLA,MO,T605388701,Louis,a04i000000h8ND6AAM,Medina,Louis Medina,111111648
6/17/1952,7 Milwaukee Crossing,LAKESHIRE,MO,L839334782,Barbara,a04i000000h8ND7AAM,Graham,Barbara Graham,111111649
6/28/1984,37 Rutledge Parkway,WESTWOOD,MO,,Joshua,a04i000000h8ND9AAM,Powell,Joshua Powell,111111650
11/25/1985,13 Anniversary Terrace,JENNINGS,MO,V646969058,Amanda,a04i000000h8NDEAA2,Wood,Amanda Wood,111111651
8/5/1953,04 Main Plaza,DES PERES,MO,N478861617,Phyllis,a04i000000h8NDFAA2,Howard,Phyllis Howard,111111652
11/24/1951,03005 Nancy Point,PASADENA PARK,MO,J759474870,Christine,a04i000000h8NDGAA2,Fields,Christine Fields,111111653
6/23/1965,254 Walton Terrace,NORWOOD COURT,MO,Z749264896,Janice,a04i000000h8NDHAA2,Gonzales,Janice Gonzales,111111654
6/29/1967,2198 Russell Pass,GREEN PARK,,B437316106,William,a04i000000h8NDIAA2,Turner,William Turner,111111655
3/28/1971,476 Nancy Pass,VINITA TERRACE,MO,F645138176,Donna,a04i000000h8NDJAA2,Meyer,Donna Meyer,111111656
7/29/1988,0 Vera Lane,LAKESHIRE,MO,N366453313,Nicole,a04i000000h8NDKAA2,Flores,Nicole Flores,111111657
8/4/1958,17429 Shopko Avenue,WILBUR PARK,MO,O007062762,Heather,a04i000000h8NDLAA2,Sullivan,Heather Sullivan,111111658
10/2/1951,61 Debra Crossing,NORTHWOODS,MO,A345541104,Timothy,a04i000000h8NDMAA2,Montgomery,Timothy Montgomery,111111659
1/31/1981,42225 International Circle,MARYLAND HEIGHTS,MO,F650908350,Bonnie,a04i000000h8NDNAA2,Walker,Bonnie Walker,111111660
6/18/1993,23174 Southridge Way,KINLOCH,,W063044886,Larry,a04i000000h8NDOAA2,Mason,Larry Mason,111111661
8/17/1990,3 Florence Parkway,OVERLAND,,Z540450348,Eugene,a04i000000h8NDPAA2,Wells,Eugene Wells,111111662
8/29/1989,42849 Southridge Circle,OLIVETTE,MO,S216136608,Juan,a04i000000h8NDQAA2,Harrison,Juan Harrison,111111663
1/1/1965,04843 Sheridan Junction,BRECKENRIDGE HILLS,MO,W370431465,Dorothy,a04i000000h8NDTAA2,Gordon,Dorothy Gordon,111111664
3/13/1978,4 Delladonna Parkway,BEL-NOR,MO,E648191004,Julia,a04i000000h8NDUAA2,Diaz,Julia Diaz,111111665
12/30/1978,60437 Delaware Drive,CRYSTAL LAKE PARK,MO,S185105520,Gerald,a04i000000h8NDVAA2,Ross,Gerald Ross,111111666
6/30/1952,17 Pearson Plaza,CHESTERFIELD,,R554198134,Nancy,a04i000000h8NDWAA2,Gomez,Nancy Gomez,111111667
9/3/1976,021 Pleasure Point,MAPLEWOOD,MO,,Chris,a04i000000h8N5eAAE,Morales,Chris Morales,111111668
5/25/1976,,FRONTENAC,MO,P352099239,Kathleen,a04i000000h8N5fAAE,Fox,Kathleen Fox,111111669
4/7/1979,763 Northland Place,BLACK JACK,MO,M441253948,Amy,a04i000000h8N5gAAE,Duncan,Amy Duncan,111111670
,33 Kingsford Hill,KIRKWOOD,MO,H382349511,Laura,a04i000000h8N5hAAE,White,Laura White,111111671
7/24/1979,5 Ruskin Way,CHARLACK,MO,Q236890928,Mildred,a04i000000h8N5iAAE,Sanchez,Mildred Sanchez,111111672
2/17/1985,06 Village Plaza,GLEN ECHO PARK,MO,H133172362,Catherine,a04i000000h8N5jAAE,Webb,Catherine Webb,111111673
6/12/1953,6 Sommers Park,CREVE COEUR,MO,R736996895,Sara,a04i000000h8N5kAAE,Mills,Sara Mills,111111674
10/12/1993,2513 Red Cloud Trail,MAPLEWOOD,MO,W676459292,Ruth,a04i000000h8N5nAAE,Banks,Ruth Banks,111111675
1/26/1991,3 Welch Way,KIRKWOOD,MO,I573208604,Harry,a04i000000h8N5oAAE,Harris,Harry Harris,111111676
8/19/1994,6922 Maryland Crossing,EDMUNDSON,MO,H742409475,Gary,a04i000000h8N5pAAE,Ward,Gary Ward,111111677
11/24/1965,72368 Sullivan Center,VINITA TERRACE,MO,,Ruth,a04i000000h8N5qAAE,Hansen,Ruth Hansen,111111678
11/11/1982,97 Eagle Crest Circle,BEVERLY HILLS,MO,S414744510,Andrew,a04i000000h8N5rAAE,Mendoza,Andrew Mendoza,111111679
11/4/1955,199 Sutteridge Place,CLAYTON,,U011563356,Jason,a04i000000h8N5uAAE,Cruz,Jason Cruz,111111680
7/11/1961,36 Commercial Avenue,CHESTERFIELD,MO,Y656197900,Christina,a04i000000h8N5vAAE,Cruz,Christina Cruz,111111681
12/17/1994,62 Lake View Drive,BRECKENRIDGE HILLS,MO,P628779846,Evelyn,a04i000000h8N5wAAE,Johnston,Evelyn Johnston,111111682
1/25/1980,42 Mcbride Point,PASADENA PARK,MO,,Lori,a04i000000h8N5xAAE,Matthews,Lori Matthews,111111683
8/24/1970,868 Green Parkway,EUREKA,MO,,Emily,a04i000000h8N5yAAE,Black,Emily Black,111111684
10/6/1970,90816 Steensland Junction,BRECKENRIDGE HILLS,MO,L488347278,Mary,a04i000000h8N5zAAE,Foster,Mary Foster,111111685
12/12/1971,,RICHMOND HEIGHTS,MO,R372631867,Robert,a04i000000h8N60AAE,Hall,Robert Hall,111111686
3/29/1987,44 Rieder Drive,ST. GEORGE,MO,B984887436,Heather,a04i000000h8N61AAE,Perez,Heather Perez,111111687
4/16/1979,,PACIFIC,MO,N728585991,Jack,a04i000000h8N62AAE,Thomas,Jack Thomas,111111688
11/30/1975,,SYCAMORE HILLS,MO,F949169262,Theresa,a04i000000h8N63AAE,Lane,Theresa Lane,111111689
7/30/1980,031 Milwaukee Center,CRESTWOOD,MO,,Christina,a04i000000h8N64AAE,Ferguson,Christina Ferguson,111111690
3/21/1959,,BRECKENRIDGE HILLS,MO,C304594897,Carlos,a04i000000h8N65AAE,Moore,Carlos Moore,111111691
5/29/1973,0 Eggendart Lane,MANCHESTER,MO,R727617732,Sandra,a04i000000h8N66AAE,Hunt,Sandra Hunt,111111692
12/3/1961,2699 Sullivan Parkway,BRIDGETON,MO,K806390772,Arthur,a04i000000h8NDXAA2,Woods,Arthur Woods,111111693
11/30/1993,89 Memorial Place,FLORDELL HILLS,MO,S592905716,Carlos,a04i000000h8NDYAA2,Lane,Carlos Lane,111111694
7/6/1985,6345 Loomis Parkway,HAZELWOOD,MO,C740365751,Alan,a04i000000h8NDZAA2,Rose,Alan Rose,111111695
12/22/1988,3521 Kingsford Place,FLORDELL HILLS,MO,,Ronald,a04i000000h8NDaAAM,Harris,Ronald Harris,111111696
8/18/1993,37026 Forest Dale Alley,WELLSTON,MO,L058334451,Wayne,a04i000000h8NDbAAM,Mcdonald,Wayne Mcdonald,111111697
10/14/1977,53493 Summer Ridge Crossing,BLACK JACK,MO,Q083066229,Earl,a04i000000h8NDcAAM,Cole,Earl Cole,111111698
7/20/1982,4 Kensington Trail,,,T979228302,Aaron,a04i000000h8NDdAAM,Garrett,Aaron Garrett,111111699
6/12/1954,266 Washington Trail,VELDA CITY,MO,W384111011,Judy,a04i000000h8NDgAAM,Clark,Judy Clark,111111700
7/1/1972,3982 Eliot Alley,BEL-NOR,MO,L297590008,Kathryn,a04i000000h8NDhAAM,Fisher,Kathryn Fisher,111111701
2/14/1976,085 Anderson Junction,BELLEFONTAINE NEIGHBORS,MO,F710017728,Ruth,a04i000000h8NDiAAM,Long,Ruth Long,111111702
10/26/1994,2 Delladonna Drive,WILBUR PARK,MO,I798188375,Brenda,a04i000000h8NDjAAM,Arnold,Brenda Arnold,111111703
10/14/1994,270 Vernon Alley,CHARLACK,MO,W612116249,Joan,a04i000000h8NDkAAM,Fowler,Joan Fowler,111111704
6/16/1987,7117 Johnson Parkway,TWIN OAKS,MO,,Justin,a04i000000h8NDlAAM,Wilson,Justin Wilson,111111705
4/17/1983,1 Crest Line Terrace,GLENDALE,MO,T362307296,Clarence,a04i000000h8NDmAAM,Burton,Clarence Burton,111111706
7/8/1989,49 Macpherson Circle,ELLISVILLE,MO,C452282647,Alice,a04i000000h8N69AAE,Fuller,Alice Fuller,111111707
12/31/1951,4 Logan Circle,CHAMP,MO,Z274154316,Ruby,a04i000000h8N6AAAU,Bowman,Ruby Bowman,111111708
2/10/1962,79 Valley Edge Road,VELDA VILLAGE HILLS,MO,U796012492,Juan,a04i000000h8N6BAAU,Flores,Juan Flores,111111709
10/23/1970,99211 Namekagon Street,RICHMOND HEIGHTS,MO,,Wanda,a04i000000h8N6CAAU,Marshall,Wanda Marshall,111111710
6/16/1983,,OVERLAND,MO,Z229099257,Stephen,a04i000000h8N6HAAU,Green,Stephen Green,111111711
6/22/1958,642 Mcguire Crossing,PASADENA HILLS,MO,W228612902,Bobby,a04i000000h8N6IAAU,Hill,Bobby Hill,111111712
6/21/1951,5 Golf Course Plaza,BERKELEY,MO,L218737431,Lawrence,a04i000000h8N6JAAU,Stevens,Lawrence Stevens,111111713
9/21/1979,,FENTON,MO,X451922096,Anthony,a04i000000h8N6KAAU,Matthews,Anthony Matthews,111111714
2/24/1987,80 Manley Place,HILLSDALE,,N806453191,Aaron,a04i000000h8N6LAAU,Burke,Aaron Burke,111111715
8/1/1978,696 Mallard Place,GLEN ECHO PARK,MO,B653983955,Brandon,a04i000000h8N6MAAU,Shaw,Brandon Shaw,111111716
10/17/1993,43 Brentwood Alley,GLENDALE,MO,C309189058,Gerald,a04i000000h8N6NAAU,Clark,Gerald Clark,111111717
7/25/1962,751 Bay Court,MACKENZIE,MO,I763629777,Phyllis,a04i000000h8N6OAAU,Dixon,Phyllis Dixon,111111718
11/1/1952,,MAPLEWOOD,MO,E554002041,Richard,a04i000000h8N6PAAU,Tucker,Richard Tucker,111111719
12/2/1962,5 Oak Plaza,WARSON WOODS,MO,M659431297,Jennifer,a04i000000h8N6QAAU,Allen,Jennifer Allen,111111720
6/19/1993,0885 Killdeer Pass,,MO,V803352514,Samuel,a04i000000h8N6RAAU,Hill,Samuel Hill,111111721
11/21/1994,89 Manitowish Junction,HILLSDALE,,E501444452,Frank,a04i000000h8N6SAAU,Ramirez,Frank Ramirez,111111722
11/24/1988,5533 Larry Way,OVERLAND,,I719574419,Brandon,a04i000000h8N6TAAU,Jacobs,Brandon Jacobs,111111723
3/1/1966,60 Elmside Hill,BRECKENRIDGE HILLS,MO,R861256792,Sarah,a04i000000h8N6UAAU,Reid,Sarah Reid,111111724
2/4/1960,58810 Schurz Place,CHESTERFIELD,MO,R262801230,Michelle,a04i000000h8N6VAAU,Powell,Michelle Powell,111111725
,0 Victoria Drive,NORWOOD COURT,MO,C141553514,Timothy,a04i000000h8N6WAAU,Bennett,Timothy Bennett,111111726
6/3/1991,41576 Bay Point,MOLINE ACRES,MO,Q986608090,Kevin,a04i000000h8N6ZAAU,Morris,Kevin Morris,111111727
3/26/1958,7 Scoville Center,BRECKENRIDGE HILLS,,I691606331,Richard,a04i000000h8N6aAAE,Ryan,Richard Ryan,111111728
1/10/1983,375 Ronald Regan Parkway,WILBUR PARK,MO,C018769789,Adam,a04i000000h8N6bAAE,Thomas,Adam Thomas,111111729
7/22/1989,6 Bay Avenue,VELDA VILLAGE HILLS,MO,I289879076,Roger,a04i000000h8N6cAAE,Rose,Roger Rose,111111730
12/3/1962,49807 Westend Way,COUNTRY CLUB HILLS,,G889403729,Patrick,a04i000000h8N6dAAE,Ramos,Patrick Ramos,111111731
1/18/1965,808 Esch Way,SYCAMORE HILLS,MO,Q168264286,Sandra,a04i000000h8N6eAAE,Palmer,Sandra Palmer,111111732
8/10/1995,6 Eagan Road,ST. GEORGE,MO,O499664777,Willie,a04i000000h8N6fAAE,Duncan,Willie Duncan,111111733
10/13/1957,9 Macpherson Terrace,OLIVETTE,MO,D865353895,Rachel,a04i000000h8NDvAAM,Little,Rachel Little,111111734
8/1/1963,,ELLISVILLE,MO,M636684093,Cheryl,a04i000000h8NDwAAM,Jenkins,Cheryl Jenkins,111111735
7/22/1956,57219 Del Sol Street,ST. LOUIS CITY,MO,B499516384,Robin,a04i000000h8NDxAAM,Bishop,Robin Bishop,111111736
7/25/1976,576 Arapahoe Center,FRONTENAC,MO,W409035058,Shirley,a04i000000h8NDyAAM,Young,Shirley Young,111111737
4/9/1958,61 Warner Terrace,NORMANDY,MO,S183987824,Carol,a04i000000h8NDzAAM,Long,Carol Long,111111738
9/30/1951,1756 Grasskamp Drive,OAKLAND,MO,E321144851,Beverly,a04i000000h8NE0AAM,Bradley,Beverly Bradley,111111739
12/3/1962,029 South Avenue,GREENDALE,MO,M718460675,Martin,a04i000000h8NE1AAM,Meyer,Martin Meyer,111111740
5/18/1979,5297 Victoria Alley,CLAYTON,MO,E124817611,Nicholas,a04i000000h8NE3AAM,Hunt,Nicholas Hunt,111111741
4/14/1968,5 Hoepker Plaza,VELDA CITY,MO,O270403557,Irene,a04i000000h8NE4AAM,Powell,Irene Powell,111111742
11/27/1986,6 Ludington Avenue,CALVERTON PARK,MO,O282547089,Joan,a04i000000h8NE5AAM,Burns,Joan Burns,111111743
12/11/1967,3 Division Point,TWIN OAKS,MO,B723809878,Arthur,a04i000000h8NE6AAM,Long,Arthur Long,111111744
9/16/1972,50645 Springs Street,GLENDALE,MO,A383353178,Tammy,a04i000000h8NE8AAM,Schmidt,Tammy Schmidt,111111745
1/14/1990,,ST. LOUIS CITY,MO,R366498545,Nicole,a04i000000h8NE9AAM,Hunt,Nicole Hunt,111111746
7/17/1967,42 Morning Lane,CRYSTAL LAKE PARK,MO,S885887545,Chris,a04i000000h8NEAAA2,Banks,Chris Banks,111111747
5/9/1956,8 Clove Avenue,MARYLAND HEIGHTS,MO,,Carolyn,a04i000000h8NEBAA2,Freeman,Carolyn Freeman,111111748
10/6/1989,17 Maple Wood Drive,FLORISSANT,MO,H841567050,Anne,a04i000000h8NECAA2,Stephens,Anne Stephens,111111749
2/27/1974,43 Eastlawn Junction,SUNSET HILLS,MO,G741270249,Gerald,a04i000000h8NEDAA2,Day,Gerald Day,111111750
11/2/1975,61632 School Drive,,,B276370946,Chris,a04i000000h8NEFAA2,Nelson,Chris Nelson,111111751
9/21/1970,5 Autumn Leaf Lane,CREVE COEUR,MO,B402358858,Tammy,a04i000000h8NEGAA2,Phillips,Tammy Phillips,111111752
7/11/1964,955 Mayer Court,DELLWOOD,MO,H088696567,Ruby,a04i000000h8NEHAA2,Kelly,Ruby Kelly,111111753
10/2/1950,00808 Pankratz Junction,,MO,W264844796,Joan,a04i000000h8NEJAA2,Wagner,Joan Wagner,111111754
9/16/1985,7497 Buhler Alley,MAPLEWOOD,MO,V590950624,Randy,a04i000000h8NELAA2,Martinez,Randy Martinez,111111755
10/20/1982,02007 Waywood Drive,RIVERVIEW,MO,,Philip,a04i000000h8NEMAA2,Kelly,Philip Kelly,111111756
6/12/1953,38 Tennyson Crossing,CLARKSON VALLEY,,M989973406,Eugene,a04i000000h8NENAA2,Alvarez,Eugene Alvarez,111111757
3/1/1992,947 Express Crossing,PASADENA HILLS,MO,T901820954,Donna,a04i000000h8NEQAA2,Reynolds,Donna Reynolds,111111758
8/3/1969,288 Clove Avenue,COUNTRY LIFE ACRES,MO,P971690942,Patrick,a04i000000h8N6gAAE,Elliott,Patrick Elliott,111111759
8/16/1966,588 Del Sol Crossing,HUNTLEIGH,MO,Q065966625,Steve,a04i000000h8N6mAAE,Rivera,Steve Rivera,111111760
2/22/1972,9 Mallard Center,ROCK HILL,MO,,Angela,a04i000000h8N6nAAE,Morgan,Angela Morgan,111111761
5/23/1973,,WILDWOOD,MO,V153017469,Jane,a04i000000h8N6oAAE,Reyes,Jane Reyes,111111762
1/12/1965,2 Dayton Way,CHAMP,MO,H643256350,Annie,a04i000000h8N6pAAE,Cooper,Annie Cooper,111111763
6/27/1964,,TOWN & COUNTRY,MO,L676922183,Roger,a04i000000h8N6qAAE,Arnold,Roger Arnold,111111764
7/27/1996,4 Mcbride Trail,CRYSTAL LAKE PARK,MO,B427318035,Debra,a04i000000h8N6rAAE,Arnold,Debra Arnold,111111765
10/14/1966,6 Nancy Trail,HANLEY HILLS,,E505901973,Lori,a04i000000h8N6sAAE,Henry,Lori Henry,111111766
5/17/1995,2 Moose Terrace,WOODSON TERRACE,MO,,Sarah,a04i000000h8N6tAAE,Rodriguez,Sarah Rodriguez,111111767
2/25/1992,61 Arrowood Plaza,EDMUNDSON,MO,H459296513,Larry,a04i000000h8N6uAAE,Richardson,Larry Richardson,111111768
6/16/1975,4270 Delaware Trail,CLARKSON VALLEY,MO,R718521347,Frances,a04i000000h8N6vAAE,Hanson,Frances Hanson,111111769
5/29/1996,9 Welch Circle,WELLSTON,MO,O323187495,Sharon,a04i000000h8N6wAAE,Howard,Sharon Howard,111111770
2/4/1976,4 Tony Place,COUNTRY CLUB HILLS,MO,H256380815,Barbara,a04i000000h8N6xAAE,Jackson,Barbara Jackson,111111771
2/19/1976,957 Farmco Lane,CLARKSON VALLEY,MO,M742020294,Joseph,a04i000000h8N6yAAE,Meyer,Joseph Meyer,111111772
5/22/1980,2247 Northport Lane,WOODSON TERRACE,MO,N345710121,Lawrence,a04i000000h8N6zAAE,Holmes,Lawrence Holmes,111111773
11/6/1981,5 Helena Court,ELLISVILLE,MO,N551405629,Amy,a04i000000h8N70AAE,Dean,Amy Dean,111111774
12/3/1976,6 Utah Plaza,MANCHESTER,MO,I979545168,Emily,a04i000000h8N71AAE,West,Emily West,111111775
3/13/1953,89756 Badeau Way,BEL-NOR,MO,Q255715248,Brandon,a04i000000h8N72AAE,Fox,Brandon Fox,111111776
12/12/1955,9 Schlimgen Avenue,TWIN OAKS,,,Jeremy,a04i000000h8N73AAE,Ruiz,Jeremy Ruiz,111111777
4/9/1967,9 Montana Park,DELLWOOD,MO,A044580699,Jonathan,a04i000000h8N74AAE,Perez,Jonathan Perez,111111778
8/24/1963,84366 Independence Terrace,CHAMP,MO,Z586942802,Frank,a04i000000h8N75AAE,Dixon,Frank Dixon,111111779
11/11/1964,86 Lindbergh Trail,CRESTWOOD,MO,C449132132,Jennifer,a04i000000h8N78AAE,Bailey,Jennifer Bailey,111111780
4/19/1960,1599 Westerfield Center,OLIVETTE,,V549046341,Christine,a04i000000h8N79AAE,Wagner,Christine Wagner,111111781
11/11/1976,16726 Mitchell Terrace,WINCHESTER,MO,D146795248,David,a04i000000h8N7AAAU,Castillo,David Castillo,111111782
8/11/1994,98493 Everett Avenue,BLACK JACK,MO,N968506887,Philip,a04i000000h8N7CAAU,White,Philip White,111111783
10/4/1987,4 Ramsey Pass,FRONTENAC,MO,F617318939,Craig,a04i000000h8NETAA2,Perkins,Craig Perkins,111111784
2/29/1972,01274 Holy Cross Drive,VELDA CITY,MO,W846805768,Justin,a04i000000h8NEUAA2,Wagner,Justin Wagner,111111785
4/30/1988,3 Sachtjen Circle,WARSON WOODS,MO,Z075807314,Susan,a04i000000h8NEVAA2,Rodriguez,Susan Rodriguez,111111786
3/21/1953,89744 Roth Place,CHESTERFIELD,MO,K414563787,Judith,a04i000000h8NEWAA2,Bowman,Judith Bowman,111111787
7/15/1989,37 Corscot Hill,ST. ANN,MO,Y503438841,Harry,a04i000000h8NEXAA2,Mitchell,Harry Mitchell,111111788
2/20/1992,52 Sauthoff Center,PACIFIC,MO,,Bobby,a04i000000h8NEaAAM,Ward,Bobby Ward,111111789
3/9/1991,704 Cascade Park,WILBUR PARK,MO,,Thomas,a04i000000h8NEbAAM,Cooper,Thomas Cooper,111111790
6/7/1963,4010 Vernon Junction,MANCHESTER,MO,D257961286,Heather,a04i000000h8NEgAAM,Armstrong,Heather Armstrong,111111791
4/24/1969,30972 Upham Center,WILBUR PARK,MO,T683472623,Virginia,a04i000000h8NEhAAM,Hicks,Virginia Hicks,111111792
11/6/1971,7423 Gulseth Pass,MARLBOROUGH,MO,V080791223,Wayne,a04i000000h8NEmAAM,Gray,Wayne Gray,111111793
12/6/1988,,MOLINE ACRES,MO,R485002050,Carolyn,a04i000000h8NEnAAM,Wallace,Carolyn Wallace,111111794
11/8/1954,04172 Eliot Place,CLARKSON VALLEY,MO,V008598280,Raymond,a04i000000h8NEoAAM,Crawford,Raymond Crawford,111111795
6/23/1975,23383 Hintze Trail,BEL-NOR,MO,X135073292,Wanda,a04i000000h8NEpAAM,Martinez,Wanda Martinez,111111796
11/21/1967,50567 Fremont Lane,SYCAMORE HILLS,MO,H269909359,Chris,a04i000000h8NEqAAM,Lawson,Chris Lawson,111111797
12/30/1974,8631 Esker Park,CLARKSON VALLEY,MO,Y557444600,Joe,a04i000000h8NErAAM,Murray,Joe Murray,111111798
5/10/1996,129 Darwin Crossing,GREENDALE,MO,J541684196,Terry,a04i000000h8NEsAAM,Lane,Terry Lane,111111799
10/25/1991,0187 Reinke Park,ST. GEORGE,MO,X173736152,Teresa,a04i000000h8NEtAAM,Olson,Teresa Olson,111111800
8/6/1967,09501 Golf View Way,MANCHESTER,MO,Z612969439,Ruth,a04i000000h8NEuAAM,Pierce,Ruth Pierce,111111801
9/6/1958,14 Oneill Court,CRYSTAL LAKE PARK,MO,,Gregory,a04i000000h8NEvAAM,Riley,Gregory Riley,111111802
9/18/1966,1880 Anniversary Circle,VINITA PARK,MO,W210175237,Ronald,a04i000000h8NEzAAM,Morgan,Ronald Morgan,111111803
4/19/1987,254 Lindbergh Court,FLORISSANT,MO,Z608401691,Pamela,a04i000000h8N7DAAU,Simmons,Pamela Simmons,111111804
5/6/1971,878 Independence Crossing,MANCHESTER,MO,J341369788,Walter,a04i000000h8N7EAAU,Bradley,Walter Bradley,111111805
7/3/1966,85 Continental Trail,BEL-NOR,MO,,Marilyn,a04i000000h8N7FAAU,Jacobs,Marilyn Jacobs,111111806
2/6/1978,4 Center Junction,CLAYTON,MO,T548660236,Amanda,a04i000000h8N7GAAU,Hall,Amanda Hall,111111807
8/23/1986,83505 Bowman Park,KINLOCH,MO,O384015221,Melissa,a04i000000h8N7IAAU,Snyder,Melissa Snyder,111111808
4/5/1994,884 Cordelia Road,ROCK HILL,MO,Z573585724,Diana,a04i000000h8N7OAAU,Gibson,Diana Gibson,111111809
7/1/1976,,BEVERLY HILLS,MO,R254088102,Johnny,a04i000000h8N7PAAU,Fuller,Johnny Fuller,111111810
10/23/1978,,EDMUNDSON,MO,P731661673,Antonio,a04i000000h8N7QAAU,Tucker,Antonio Tucker,111111811
5/24/1955,554 Upham Court,LADUE,MO,Y092088913,Dorothy,a04i000000h8N7RAAU,Banks,Dorothy Banks,111111812
3/9/1964,94538 Novick Park,UNIVERSITY CITY,MO,L629717504,Ernest,a04i000000h8N7SAAU,West,Ernest West,111111813
10/13/1977,2252 Holy Cross Junction,ST. ANN,MO,H072283012,Bobby,a04i000000h8N7TAAU,Boyd,Bobby Boyd,111111814
8/13/1960,8203 Ludington Plaza,CRYSTAL LAKE PARK,MO,C143829126,Arthur,a04i000000h8N7UAAU,Oliver,Arthur Oliver,111111815
8/3/1970,810 Glendale Trail,GREEN PARK,MO,,Laura,a04i000000h8N7VAAU,Murray,Laura Murray,111111816
3/11/1961,,BALLWIN,MO,C848596584,Chris,a04i000000h8N7WAAU,Castillo,Chris Castillo,111111817
5/30/1996,27906 Messerschmidt Trail,MANCHESTER,MO,C890304132,Jessica,a04i000000h8N7XAAU,Fernandez,Jessica Fernandez,111111818
12/23/1982,3 Little Fleur Lane,,MO,S981415535,Jane,a04i000000h8N7YAAU,Larson,Jane Larson,111111819
8/27/1954,9163 Dahle Way,HILLSDALE,MO,E045581810,Susan,a04i000000h8N7ZAAU,Medina,Susan Medina,111111820
2/17/1984,,CREVE COEUR,MO,M897487303,Jeremy,a04i000000h8N7aAAE,Bailey,Jeremy Bailey,111111821
3/25/1955,60033 Maryland Plaza,BEVERLY HILLS,MO,B927750211,Ronald,a04i000000h8N7bAAE,Spencer,Ronald Spencer,111111822
8/12/1987,7984 Luster Junction,GREENDALE,MO,H482272970,Lillian,a04i000000h8N7cAAE,Vasquez,Lillian Vasquez,111111823
4/9/1952,0049 Summit Crossing,MARYLAND HEIGHTS,MO,T680565039,Katherine,a04i000000h8N7dAAE,Warren,Katherine Warren,111111824
10/2/1972,9387 Marquette Plaza,KINLOCH,MO,V465237882,Jack,a04i000000h8N7eAAE,Holmes,Jack Holmes,111111825
8/6/1966,8904 Darwin Park,PACIFIC,MO,J503021884,Eugene,a04i000000h8N7fAAE,Wagner,Eugene Wagner,111111826
8/26/1961,00 Coleman Lane,WILBUR PARK,MO,M927981281,Keith,a04i000000h8N7gAAE,Cole,Keith Cole,111111827
10/5/1963,2 Crowley Crossing,TOWN & COUNTRY,MO,U370474012,Jean,a04i000000h8N7hAAE,Stephens,Jean Stephens,111111828
12/22/1988,9 Nelson Circle,BELLEFONTAINE NEIGHBORS,MO,,Mark,a04i000000h8N7iAAE,Rogers,Mark Rogers,111111829
3/6/1983,24 Rockefeller Point,WILDWOOD,MO,,Pamela,a04i000000h8N7jAAE,Fields,Pamela Fields,111111830
5/18/1994,9 Jenna Terrace,FERGUSON,MO,,Marilyn,a04i000000h8N7kAAE,Tucker,Marilyn Tucker,111111831
10/16/1962,557 Pond Hill,VINITA PARK,MO,V500128481,Emily,a04i000000h8NF0AAM,Warren,Emily Warren,111111832
2/14/1966,,MANCHESTER,MO,W003452133,Margaret,a04i000000h8NF1AAM,Matthews,Margaret Matthews,111111833
11/27/1962,,VELDA CITY,MO,B654669569,Deborah,a04i000000h8NF2AAM,Howell,Deborah Howell,111111834
6/16/1958,0 Barnett Park,FLORDELL HILLS,MO,N570567411,Beverly,a04i000000h8NF3AAM,Johnston,Beverly Johnston,111111835
2/8/1996,3829 Rowland Road,CREVE COEUR,MO,O305912643,Jonathan,a04i000000h8NF4AAM,Ward,Jonathan Ward,111111836
6/21/1976,85000 Corry Crossing,GLENDALE,MO,T844451000,Mark,a04i000000h8NF5AAM,Willis,Mark Willis,111111837
5/30/1978,5008 Lakeland Terrace,CHARLACK,MO,M632368611,John,a04i000000h8NF6AAM,Lawrence,John Lawrence,111111838
8/23/1974,8 Anniversary Crossing,WINCHESTER,MO,Q490507600,Walter,a04i000000h8NF7AAM,Wood,Walter Wood,111111839
6/19/1974,4 Harbort Point,WELLSTON,MO,J807260751,Lillian,a04i000000h8NF8AAM,Ross,Lillian Ross,111111840
1/19/1979,13553 Texas Plaza,CHESTERFIELD,MO,W316823637,Janet,a04i000000h8NF9AAM,Duncan,Janet Duncan,111111841
6/28/1959,66 Northland Avenue,FRONTENAC,,,Jesse,a04i000000h8NFAAA2,Bryant,Jesse Bryant,111111842
2/3/1951,422 Pine View Parkway,GREENDALE,MO,R954492923,Catherine,a04i000000h8NFBAA2,Tucker,Catherine Tucker,111111843
9/30/1987,926 Del Mar Way,FENTON,MO,Y291977165,Kathryn,a04i000000h8NFCAA2,Martin,Kathryn Martin,111111844
4/3/1992,905 Carey Hill,LADUE,MO,S349365571,Julie,a04i000000h8NFDAA2,Romero,Julie Romero,111111845
1/28/1974,,CLARKSON VALLEY,MO,Y181425764,Teresa,a04i000000h8NFEAA2,James,Teresa James,111111846
10/17/1962,90 Lawn Park,KIRKWOOD,MO,L814561589,Patricia,a04i000000h8NFFAA2,Jones,Patricia Jones,111111847
9/14/1972,0 Nobel Circle,GLEN ECHO PARK,MO,U110327554,Lawrence,a04i000000h8NFIAA2,Peters,Lawrence Peters,111111848
3/18/1994,72040 Elmside Center,NORMANDY,MO,,Doris,a04i000000h8NFJAA2,Ryan,Doris Ryan,111111849
4/15/1970,4481 Rusk Crossing,COOL VALLEY,MO,Q443658711,Robert,a04i000000h8NFKAA2,Webb,Robert Webb,111111850
2/12/1966,76801 Lakewood Place,RIVERVIEW,MO,K198462046,Bruce,a04i000000h8NFLAA2,Roberts,Bruce Roberts,111111851
3/12/1951,35 Dwight Junction,,MO,Y496973489,Ronald,a04i000000h8NFMAA2,Harrison,Ronald Harrison,111111852
6/1/1981,706 Kim Terrace,FERGUSON,MO,,Marie,a04i000000h8NFNAA2,Nichols,Marie Nichols,111111853
7/29/1970,6 Hoffman Trail,CALVERTON PARK,MO,J320831636,Tina,a04i000000h8NFOAA2,Castillo,Tina Castillo,111111854
10/21/1960,,FENTON,MO,,Robin,a04i000000h8NFPAA2,Andrews,Robin Andrews,111111855
3/7/1973,5952 Eastwood Street,WILDWOOD,MO,S259432787,Jacqueline,a04i000000h8NFQAA2,Garza,Jacqueline Garza,111111856
5/11/1976,98 Eagle Crest Street,PASADENA HILLS,,L723891931,Brenda,a04i000000h8NFRAA2,White,Brenda White,111111857
1/9/1980,79485 Meadow Vale Drive,DES PERES,MO,D687510070,Matthew,a04i000000h8NFSAA2,Roberts,Matthew Roberts,111111858
7/1/1989,24650 Transport Alley,BEL-RIDGE,MO,,Anne,a04i000000h8NFTAA2,Butler,Anne Butler,111111859
2/15/1994,744 Darwin Point,MARYLAND HEIGHTS,MO,C866027121,Judith,a04i000000h8NFUAA2,Morris,Judith Morris,111111860
,90 Mifflin Street,FRONTENAC,MO,R798100614,Ernest,a04i000000h8NFVAA2,Moore,Ernest Moore,111111861
9/8/1957,1 Badeau Place,BALLWIN,MO,,Kathryn,a04i000000h8NFWAA2,Mason,Kathryn Mason,111111862
12/13/1963,16684 Straubel Pass,BEVERLY HILLS,MO,,Lois,a04i000000h8NFXAA2,Howell,Lois Howell,111111863
4/8/1995,3536 Melby Park,BRECKENRIDGE HILLS,MO,N862893164,Jesse,a04i000000h8N7lAAE,Carpenter,Jesse Carpenter,111111864
11/23/1995,94463 Rusk Avenue,ST. LOUIS CITY,MO,,Stephanie,a04i000000h8N7mAAE,Elliott,Stephanie Elliott,111111865
3/5/1978,88912 Northview Hill,BRECKENRIDGE HILLS,MO,F491849544,Walter,a04i000000h8N7nAAE,Johnson,Walter Johnson,111111866
9/15/1959,21 Warrior Hill,MARYLAND HEIGHTS,MO,B243527210,Adam,a04i000000h8N7oAAE,Welch,Adam Welch,111111867
4/26/1983,66 Buell Pass,CRESTWOOD,MO,T201279563,Philip,a04i000000h8N7pAAE,Wagner,Philip Wagner,111111868
9/22/1971,79170 Linden Terrace,COOL VALLEY,MO,,Roger,a04i000000h8N7rAAE,Schmidt,Roger Schmidt,111111869
9/26/1954,873 Claremont Hill,TOWN & COUNTRY,MO,G692814110,Albert,a04i000000h8N7tAAE,Bowman,Albert Bowman,111111870
9/4/1988,36 Mitchell Point,CHARLACK,MO,D176414216,Tina,a04i000000h8N7uAAE,Black,Tina Black,111111871
7/28/1996,000 Fulton Lane,TWIN OAKS,,F467744106,Marilyn,a04i000000h8N7wAAE,Wallace,Marilyn Wallace,111111872
2/6/1968,05 Upham Lane,ST. ANN,MO,C287115392,Tina,a04i000000h8N7xAAE,Grant,Tina Grant,111111873
7/25/1953,6571 Haas Terrace,CREVE COEUR,MO,H823660218,Steven,a04i000000h8N7yAAE,Castillo,Steven Castillo,111111874
3/3/1990,2498 La Follette Junction,CLARKSON VALLEY,MO,S670808005,Ann,a04i000000h8N7zAAE,Hall,Ann Hall,111111875
12/5/1986,13 Marquette Center,VALLEY PARK,MO,B777914872,Earl,a04i000000h8N80AAE,Garza,Earl Garza,111111876
9/25/1966,8871 Lakewood Hill,CRYSTAL LAKE PARK,MO,O671622715,Patricia,a04i000000h8N81AAE,Morales,Patricia Morales,111111877
7/13/1959,3109 Mallory Parkway,WESTWOOD,MO,W126789350,Jessica,a04i000000h8N82AAE,Bishop,Jessica Bishop,111111878
10/6/1974,8 Calypso Place,EUREKA,MO,C484330244,Jonathan,a04i000000h8N83AAE,Harvey,Jonathan Harvey,111111879
4/13/1994,07 International Alley,OLIVETTE,MO,Q871358681,Christine,a04i000000h8N84AAE,Ray,Christine Ray,111111880
8/22/1964,7098 Delladonna Circle,CREVE COEUR,,Q642283928,Anna,a04i000000h8N85AAE,Johnston,Anna Johnston,111111881
10/29/1987,16147 Oak Valley Lane,CLARKSON VALLEY,MO,N165074437,Sean,a04i000000h8N86AAE,Carroll,Sean Carroll,111111882
2/1/1969,40 Mccormick Place,ROCK HILL,MO,,Albert,a04i000000h8N87AAE,Barnes,Albert Barnes,111111883
3/7/1964,36745 6th Lane,ROCK HILL,MO,F940893547,Teresa,a04i000000h8N88AAE,Stanley,Teresa Stanley,111111884
6/4/1964,31938 Annamark Alley,SYCAMORE HILLS,MO,M652605680,Kenneth,a04i000000h8N89AAE,Greene,Kenneth Greene,111111885
1/2/1973,7 Haas Crossing,ST. ANN,MO,D541494897,Howard,a04i000000h8N8AAAU,Robinson,Howard Robinson,111111886
7/19/1966,03 Messerschmidt Junction,BRECKENRIDGE HILLS,MO,P389636572,Patricia,a04i000000h8N8BAAU,Wagner,Patricia Wagner,111111887
11/30/1953,49 Karstens Court,SYCAMORE HILLS,MO,C636329371,Julie,a04i000000h8N8CAAU,Perez,Julie Perez,111111888
8/25/1955,12699 Bluestem Road,BEL-NOR,MO,F740735149,Clarence,a04i000000h8N8DAAU,Wagner,Clarence Wagner,111111889
8/6/1959,848 Forest Dale Place,NORTHWOODS,MO,H640577621,Anne,a04i000000h8N8EAAU,Andrews,Anne Andrews,111111890
6/28/1952,56 Namekagon Plaza,BEL-NOR,MO,K591597479,Phillip,a04i000000h8N8FAAU,Crawford,Phillip Crawford,111111891
2/28/1977,36 Fremont Drive,WILBUR PARK,MO,,Sara,a04i000000h8N8HAAU,Morgan,Sara Morgan,111111892
11/4/1960,992 Clove Drive,VELDA CITY,MO,M999153702,Barbara,a04i000000h8NFYAA2,Morales,Barbara Morales,111111893
5/16/1970,1858 Milwaukee Street,EDMUNDSON,MO,D731806579,Timothy,a04i000000h8NFZAA2,Perez,Timothy Perez,111111894
9/18/1959,7 Sage Alley,MARLBOROUGH,MO,H093161268,Wayne,a04i000000h8NFaAAM,Lane,Wayne Lane,111111895
2/8/1993,2737 Raven Lane,JENNINGS,MO,F808928527,Harry,a04i000000h8NFgAAM,Wells,Harry Wells,111111896
4/3/1975,1023 Homewood Park,WILDWOOD,MO,W602602315,Michelle,a04i000000h8NFhAAM,Hall,Michelle Hall,111111897
3/29/1976,,UNIVERSITY CITY,MO,,Norma,a04i000000h8NFiAAM,Henderson,Norma Henderson,111111898
2/7/1963,09693 Dakota Center,,MO,Q946104398,Barbara,a04i000000h8NFjAAM,Banks,Barbara Banks,111111899
12/17/1976,0 Northwestern Terrace,GREEN PARK,MO,,Robert,a04i000000h8NFkAAM,Austin,Robert Austin,111111900
11/6/1978,5 Atwood Way,VINITA PARK,MO,L825741165,Rose,a04i000000h8NFlAAM,Hill,Rose Hill,111111901
11/22/1979,0593 Lien Way,CALVERTON PARK,MO,W558533935,Jeffrey,a04i000000h8NFmAAM,Hawkins,Jeffrey Hawkins,111111902
7/31/1987,1049 Vahlen Drive,NORTHWOODS,MO,W496375199,Todd,a04i000000h8NFnAAM,Montgomery,Todd Montgomery,111111903
9/22/1981,,ST. ANN,MO,J055203176,Jane,a04i000000h8NFoAAM,Nguyen,Jane Nguyen,111111904
6/15/1977,49 Corry Junction,BELLERIVE,MO,B828120695,Cheryl,a04i000000h8NFpAAM,Stewart,Cheryl Stewart,111111905
7/18/1973,1 Crowley Point,WOODSON TERRACE,MO,W542353507,Christina,a04i000000h8NFqAAM,Gilbert,Christina Gilbert,111111906
,406 Dakota Plaza,PASADENA PARK,MO,A676589433,Rebecca,a04i000000h8NFrAAM,Carr,Rebecca Carr,111111907
3/4/1960,258 Eagle Crest Junction,EUREKA,MO,Y566103818,Harold,a04i000000h8NFsAAM,Powell,Harold Powell,111111908
6/17/1961,99269 Mayer Circle,GREENDALE,MO,W522691772,Kelly,a04i000000h8NFuAAM,Jones,Kelly Jones,111111909
8/16/1964,1 Chinook Road,PACIFIC,MO,,Clarence,a04i000000h8NFvAAM,Jacobs,Clarence Jacobs,111111910
12/23/1951,4082 Farragut Crossing,BERKELEY,MO,,Antonio,a04i000000h8NFwAAM,Barnes,Antonio Barnes,111111911
3/21/1976,39 Warner Pass,WOODSON TERRACE,,V506119693,Michael,a04i000000h8NFyAAM,Cook,Michael Cook,111111912
2/28/1958,9953 Doe Crossing Crossing,FENTON,MO,F146877051,Annie,a04i000000h8NFzAAM,Dunn,Annie Dunn,111111913
7/2/1983,,BELLA VILLA,MO,N207353456,Shawn,a04i000000h8NG0AAM,Carr,Shawn Carr,111111914
9/7/1986,91 Moulton Drive,COOL VALLEY,,Y365228651,Rachel,a04i000000h8NG1AAM,Meyer,Rachel Meyer,111111915
4/8/1960,87156 Golden Leaf Terrace,COOL VALLEY,MO,C642767766,Katherine,a04i000000h8NG2AAM,Williamson,Katherine Williamson,111111916
3/2/1980,62 Prairie Rose Court,HANLEY HILLS,MO,E706377605,Maria,a04i000000h8NG3AAM,Richards,Maria Richards,111111917